cookie_id,score
ck_315fb710a0e371e7,0.0001774323226558072
ck_a76ee3b3e3e522fd,0.03302914835191997
ck_94c9a4d382689e82,0.06256147121737354
ck_8eaf9509ad9462a0,0.0006848989444934047
ck_9a88a5a989cb5bc6,0.007988349865741285
ck_15239ef0689c1a35,0.010022311896913468
ck_8de69cd219d3b87f,0.22465265331502157
ck_f92cd37022b0ce21,0.004465264718909218
ck_1a3ff7620580a514,0.007563115954607851
ck_397c03aa33a57310,0.07573152918128186
ck_a7cf6c3b322f6b7a,0.003036031002500465
ck_c39a9e75760e3201,0.0019244006066434895
ck_88ab6d245228c38e,9.661738842605044e-05
ck_17733f75ebdea93e,0.008311742270549942
ck_58eb871e8d7bed52,0.01975459747742864
ck_e55b7fa67db1ec27,0.0008014423068253744
ck_62f5cfe22c952694,0.010090465864951567
ck_7fbb709a0fe95759,0.001396175074717501
ck_87abe9cd066a20fb,0.017792843847626826
ck_d58e058b5c553dd5,0.0062608194082472346
ck_d27b872648b71202,0.0004980404788700368
ck_4b4a3c5b95c55b43,0.00022238558216762503
ck_66dd4f4b4127256d,0.0005983519685566755
ck_93cc12703b500613,0.060222502552423306
ck_d28806a2179092eb,0.9988325541926013
ck_0595c2a0c7881e05,0.0025372159392394312
ck_50087d8666191144,0.48981150670867285
ck_b08b3f089138c901,0.013934048560047452
ck_fe3b67041dad2dd1,0.00027555610266581215
ck_8449a28f7d475d93,0.07479758102654156
ck_8642e3b6d84f49d3,0.0033943666958371546
ck_e49b5e4f2f2e79db,0.5069485488353364
ck_437afe412ea4259c,0.03650379864548365
ck_569b83668d74042d,0.9779204888735462
ck_233a487d31c3e631,0.999801391089017
ck_1fca72e03143a645,0.9615437312971862
ck_79205e31223df2ad,0.03239011348652215
ck_9625a64406ea16e3,0.0007780777583042585
ck_079bd18dacb704a8,0.04569984978249375
ck_4db6d4fd2b49aa81,0.020324144414667664
ck_0dbefdac0a1868fb,0.0005764448421634632
ck_24ff97ad90bdd69a,0.015240531006509307
ck_77f8c5042065d506,0.005484666583591689
ck_f11be8ce05382cec,0.009495527204926036
ck_c9d72140b0389216,0.013754506624793406
ck_69eda24e931fb36a,0.00018289387559324447
ck_ed471e496916ee15,0.000884210221042416
ck_ff090498c4b17ac3,0.0036450288758998806
ck_c3c19d6a0720915c,0.0005496815591800639
ck_af02e1817cfa40b5,0.019023705626578877
ck_2df5a9fc87553eb1,0.003588575227824981
ck_4ac918e884cff336,0.00580708037160432
ck_ca149244b54ef3ad,7.699325279106494e-05
ck_6babe5b8674ff51f,0.0021548679589703406
ck_1573878386886290,0.003163270535376593
ck_3925f8565abb7fe4,0.010483204687934863
ck_c4de808ae69c771f,0.00010738930314166769
ck_a777c813551281fe,0.020028526193779372
ck_df4424f6dd85080d,0.07043299126646328
ck_85e5494ec20383ae,0.010698577363022752
ck_f71a4094e889c3af,0.0011355501583295102
ck_f2f3cf9cd23b2809,0.020004906880154414
ck_18e2076397bcc211,0.03273972640282013
ck_c9f9fddef39bc664,0.024969046171441796
ck_7e826e233d6ea028,0.0011655694877425926
ck_62fd7eb46bee9210,0.008982390725771028
ck_206f8e3cd72768f3,0.04870584364188083
ck_aa295a11b0a6ab36,0.012508345362952852
ck_9a56739d81f84a53,0.0017511490173428134
ck_aa075c418ed9fe5a,0.02385715890819229
ck_62b9fb3db284941b,0.004158258181456508
ck_f4f83b1403ebea46,0.016497098326873256
ck_16b66bd803288bc3,0.26794952407547284
ck_c4ca1434f3778f1d,0.9994268753980128
ck_1b823610371a29c0,0.0035489264497352174
ck_c2bd5a722aa637d9,0.0015132575047979077
ck_7890208951df34f0,0.007500934244983905
ck_020eb0e454524ecd,0.004157854596155474
ck_3b66196ccf436c35,0.0019079894063537908
ck_109fc467ec0a4af5,0.053793421954885234
ck_f3dcd818db92de7b,0.008302078222665071
ck_31e7742f160980ef,0.006510050419940121
ck_77fce5f86f00b8f4,0.14910992697790834
ck_46bc797b4d07d607,0.0006814026067077384
ck_37899b1b571b1c6b,0.01026773251872133
ck_ef8a6af43fedd464,0.0011019987468592358
ck_bcc8519fe8521038,0.015932636667687787
ck_90696b7182dd9129,0.01546863726762144
ck_4a24ad61d017e1ba,0.016534286630603846
ck_0acc3d8c67218b9d,0.005351022377549343
ck_05c97fc9de11aba6,0.056907569334855634
ck_f8ac3a0500c0ec62,0.003281547891594336
ck_617b65141f546a1c,0.0016079117167827547
ck_9d00823bf60388d7,0.00706916021521908
ck_123c15d93f1840f2,0.0403916941580986
ck_573feefba6bf78bb,0.04831139692161471
ck_b25657bd16739036,0.00930133615433736
ck_bd26d2bef14a8597,0.005394786400394353
ck_a553418f2fba1440,0.017408788796335232
ck_89f3e380b0686963,0.01086922482075004
ck_b359192aa659bdce,0.016649121704660184
ck_02241f3dc301bebf,0.011402981470229175
ck_5ccc1a1c78cb33ee,0.1979855190203478
ck_349cc5edda1b8853,0.006979888805963805
ck_e9f228845bf6e28b,0.06525761771532969
ck_0a45d033d4e280ea,0.009081541198635657
ck_7e63168dda612235,0.0025203527018377667
ck_676fa5f6aae5475b,0.003960408137752451
ck_74b502b20690ccfe,0.01212505405888357
ck_073509af21dd7f5f,0.2926845323441045
ck_498a0acd450944d8,0.0008116352427655792
ck_7f15b50b29dead01,0.023821894569075863
ck_8089fe7403c5f537,0.003992245928252338
ck_05b2b04e11d9ae9c,0.010013905553926715
ck_31e70f2f04b48b88,0.00024875107122136346
ck_994316fa5a02b319,0.0054610642108205085
ck_b76510998b9a2260,0.0028657269994156655
ck_4db95c310e105d30,0.0005732293619026422
ck_6f730b77dc6cdb84,0.004233217764334821
ck_2493ee8e7b91d304,0.01902144749175541
ck_92d679d6ac7dcdcb,0.09075575080664859
ck_3a0e0200cbb185cb,0.02140976508624764
ck_0b2eeb4e00ff7955,0.012839998099983497
ck_9843d0e61c37ebe8,0.9989681235468929
ck_e61c8721e3ef1921,0.0032006414361441635
ck_2e0eedaaf2980c2c,0.002926168185407422
ck_9036b2e5e9298a34,0.0011578333820811183
ck_3265442528d51728,0.03313902377057338
ck_f2ddae2eb1cb29b4,0.0037863454782507467
ck_6cfa71d27fc27f92,0.015754199402952255
ck_f3199fbe84a28b9a,0.09173646199550241
ck_b78d785ca3ef773a,0.004902520636729801
ck_374865697f1480eb,0.12573097118155144
ck_06d0e4a9189302a9,0.00858838197834616
ck_9c9884b9bcaa552e,0.16423455830039327
ck_fd4cf578e87703ff,0.016431305142538582
ck_1917ef3e6e345549,0.11270701167400088
ck_e70418b00cbbbac9,0.07364076906643514
ck_a60388296a47062c,0.024519714394414194
ck_d598fe8d2c779ab9,0.0032359226408690996
ck_646dc03de4c31803,0.5446981022737819
ck_e4fd8cbd842b6993,0.003261325501620545
ck_2225b555aa2a42ed,0.0389735820091781
ck_6be8ae9d78148882,0.004395186607054198
ck_4199342d3aca74e8,0.061703790843443636
ck_779581adb573261f,0.002441661130256812
ck_bb303568b6915205,0.015414004141387425
ck_17c4296276448afe,0.005003767989924498
ck_a60a61ac829252a0,0.005825761118232779
ck_6ea70950c1cae00b,0.9009815536078171
ck_1abb93f6924645e1,0.007308813264962122
ck_faab769cce19879a,0.09755020385366013
ck_d5b8e74e7ca6355a,0.05858551147215377
ck_f11f7691af16ad07,0.0006851882375386304
ck_188fdf2be7c92e9d,0.9996401651848768
ck_4a103f8254b366f7,0.007020785053902679
ck_bfa17a0b1760e616,0.0007016328354499368
ck_a4d7f6a5869d440a,0.981025057661227
ck_58e20f5a3e7f11b8,0.8513950925082967
ck_4becdd3d2696c7ba,0.0024914771721554194
ck_dad5cf32ab9f243f,0.0013623491904922707
ck_7d9f73dc7c4f90c3,0.12386995649164238
ck_c19371047a2d011d,0.0007553647082617528
ck_247589ff532f7aa8,0.00435121138135975
ck_7a9f241d5f082567,0.0020511791627584
ck_0a2b7078736b4dda,0.0026109152497101567
ck_687b412e2aac7eb6,0.013392604145342357
ck_fce0b6855886a0b8,0.005482835983430921
ck_e291cc60920456d0,0.17777721622337953
ck_04219a7ea798db51,0.06632077002025653
ck_286bfd719836e9f3,0.10917756106934634
ck_55efc92394fee232,0.004768369658981739
ck_e36c8da1bd359960,0.03469361318848286
ck_34b0988a97d96902,0.00501072760636537
ck_e0fb11fc9dcb34e6,0.0075367515956400915
ck_bcc9cbc9ed8b7c31,0.005534422194683531
ck_3df8da6f60a89a5b,0.01074289314343895
ck_b1495ee5c59a6b28,0.006124544587349311
ck_58f4c3ac61fda129,0.04892783451376861
ck_735f244b99e3aa8d,0.004369236437017644
ck_6b93bd8abf87b1d6,0.9508851790729969
ck_12107dacc6d05bd1,0.0006413567141231477
ck_f96db2a1f3448d1f,0.007037027010690112
ck_8fd91a3c99e19097,0.01306600988292215
ck_910205d25388a0ae,0.0006918636577980117
ck_d229dfa0e4442628,0.0004935505056072295
ck_7cdec61e1c488798,0.037931152806786515
ck_f66f06e24ff32671,0.011450909371794521
ck_350bf14e90b503f5,0.004013818700717756
ck_61fff5fdaadd394b,0.002525680410701019
ck_e934f984bad2ff91,0.4467049410278798
ck_ff6a6d3547dd2d37,0.0533964730684664
ck_65ad9b15979e3247,0.004738201028979576
ck_bbe1a2ea5a403ad8,0.39625963915552775
ck_6f3a28eecd2c4031,0.016278703375882633
ck_a89b66665714058f,0.008470148869088687
ck_918c92182b6817cd,0.013472136517473454
ck_64f5eb4be9e7b8fa,0.42180305452932537
ck_d021fd497ea35fb2,0.008131666798243375
ck_004de16f7d8a42ae,0.0036777200704529492
ck_a33d2325f86ab12d,0.008558785220450841
ck_89790ff26c844bc6,0.01621717306396693
ck_e6e7257377c37b28,0.03413428085021927
ck_a2cc3910a641a808,0.8893868467854743
ck_646e270e0195bf05,0.0023202261078698804
ck_baba5d66def0d770,0.037528883769096556
ck_67cdcdda3033842d,0.06463565752983652
ck_b5c3075c811a2216,0.004378473873107296
ck_515379973a8044b8,0.004705177296141133
ck_c0ce85fb4109567d,0.03553503514436091
ck_fef850553862aaca,0.0015659126310965295
ck_55d7217b0aff9fa2,0.0036773534706152334
ck_8e139f8925ef7968,0.008710908930922622
ck_9e35b908fca1e4d7,0.00029797678519269974
ck_59735f4ab2ad3da5,0.007264491936712858
ck_dc569c1167ccec0d,0.7805477999887619
ck_1dade5592f90a15c,0.00986876193850335
ck_793048d11fb8b328,0.3163922151929805
ck_545b71eb4fa594b5,0.0012254565592085993
ck_bd30853e9a57b544,0.008058165463790517
ck_59f46321ecf6d306,0.005577235041948825
ck_260cfe9141d249f1,0.10504374670834372
ck_3365a0ad1a8aa83c,0.00705218249471203
ck_b0ef193195a2138b,0.00321883142305412
ck_0f909705e2e60f2f,0.0011472564336148115
ck_5a540b75c866166a,0.011692409046942048
ck_87c26b2f41025109,0.9961000479120923
ck_27acc9f320cda104,0.08107900088153545
ck_a27bc31eecd9cb9a,0.01454746541931134
ck_115d86fabde77b65,0.0003038597553983329
ck_eeca179341d56f8a,0.5448686873870751
ck_8e5999c436cf037e,0.0002933006286264751
ck_510e7c5df1f95d90,0.9996399773076045
ck_f1acf73363925958,0.017171527374948693
ck_3c177f5970b68bd3,0.003490708779854222
ck_9cdfaa1c30cc9d32,0.00031655730437094763
ck_c8efa1538b37c359,0.005100396574130606
ck_a8a2e296f9804bd7,0.018749865035347143
ck_91a0ca45f429568d,0.010995068458836387
ck_5fdf8a0bdbd3ed62,0.006430320358752867
ck_0f4e2ec66d50da5f,0.001583020063952438
ck_28c53b214b2ee882,0.10910280284606834
ck_003148504557f720,0.1164777497742439
ck_01d840cffb870615,0.3807329872443475
ck_555848d51f4b5f35,0.04323795766494754
ck_df20cc23b8fb8e22,0.00750535032031488
ck_f9604adde929beff,0.0011050166482924702
ck_d66952b03591bdec,0.022415542641767854
ck_ddcac1ab765ff61a,0.013096698324302908
ck_347386629d96c664,0.008480417914940683
ck_ab01db9117acfe3d,0.0017256945855090137
ck_58e5359efc52e0ad,0.001811297970098842
ck_1a524b5cc8da71b3,0.11967041933289944
ck_e9287b6d909d731f,0.005256109684182432
ck_bb41a66e3d90263b,0.36927308274489645
ck_e95c8cc1864bd584,0.001425668537353615
ck_7a3f2961e9a8b6dc,0.003696014664490903
ck_378a9df82b1e0bee,0.43549525196849403
ck_42633573639a3f02,0.95110469210593
ck_2a5a4c18c2c7274b,0.005937338760486737
ck_77549c1a41f837c3,0.011999353835782794
ck_a26704b5b26258b7,0.007995005106257143
ck_9874ad160efddf50,0.0037812660750417694
ck_9111e3a04b14dfba,0.052287088775710956
ck_651e076ee43aea85,0.0023326032785259843
ck_391639c0f13932f3,0.0002309719142374523
ck_02dbabda93c8c13d,0.02831227460862922
ck_0adcb1fffcb0a34b,0.01345723882204504
ck_7a43ef9c7b1c67b5,0.004944889985400741
ck_4b9dd69946438d0b,0.005615652396622448
ck_90bf017cdd37b66e,0.034210008767083806
ck_61c74163eb36556e,0.006711690206934943
ck_13376c59b5bd6943,0.0017583471450838344
ck_62337eccb1672737,0.003074194989733219
ck_16077934338472bf,0.0010749448414516282
ck_0d4dfd93086e7330,0.003266887789359067
ck_3865b7525b910893,0.004656540627714408
ck_7e2ae8b69ebd5675,0.009617002528333201
ck_b4384b6c11766ce7,0.0039806941764886335
ck_3d7fa32dfb9fc692,0.05366745695237934
ck_f4a6a7cadd6e0603,0.05053950572754875
ck_212525e2828a6c45,0.013302485027021369
ck_33ad8d53394ba77a,0.4741086632941542
ck_a5051eafe8b51224,0.0030049465162666315
ck_f65e5ff7da565f91,0.001266445045014655
ck_5c37f7563fa7591d,0.004439758826581197
ck_f1e0a006068aff29,0.012418888237935343
ck_c646cdead6fb79d0,0.012642336919776967
ck_f8b3cdffef535330,0.05140111711365212
ck_e5cdbe3aa12c97f6,0.0030154332322853503
ck_986e4e61440506d0,0.1038110171637896
ck_6da9c5912e15d9a8,0.002039728651116004
ck_51d842e6dae74c71,0.0009654971161842531
ck_5fc65c24e0736d5d,0.8352871626424717
ck_babb95a76c69509d,0.045692415002042186
ck_86a2d852a9715432,0.025226770433413467
ck_db4083a0d043def8,0.12032553908158584
ck_96953b8945b7d403,0.0020372949841502472
ck_7831ca5c31fb3859,0.02236707083447281
ck_60ac5e5f375daa38,0.007759098902075698
ck_05d44eb1f5f085ce,0.010535711473977083
ck_432cc19c7eeaa46e,0.011270740212243857
ck_7fc513033af061af,0.04381698232055967
ck_ada6ede84c111719,0.0051127412342783255
ck_6343e0d3b1c2962b,0.003908161256119092
ck_010264ae04f2e902,0.0722446387277253
ck_e9dcf535f8c289eb,0.0969064795908895
ck_37143d9cc296e6fa,0.0025737284158745227
ck_61fa051192f3e810,0.0169348555540974
ck_f9f93d1d41be1468,0.9185201829826037
ck_c4f4f28457be8a74,0.00036042005829737693
ck_323a71f9452d21cb,0.39056023787266514
ck_170f4688e0acd875,0.03955520085468375
ck_869b1878d09d230d,0.1703407335129918
ck_2f6b33bf46976229,0.00022523882000298164
ck_b11e22e75d9b99de,0.0002955599192566935
ck_123d75ffb75b606d,0.005980033854246595
ck_94295287a04c85d2,0.27930305870588124
ck_1b0434f096795328,0.0007115609937513468
ck_0a4e191cd0a57ce1,0.00036214995335287205
ck_d2fbd0df99634676,0.01158568238958065
ck_d51df5e9fbbbcc94,0.02210630168672163
ck_2d3d7d64a6f443f8,0.006476892658124373
ck_731943c682c9394e,0.013782261572250626
ck_5ccc0c94e5e1f849,0.008389313999041187
ck_c3476080516db25d,0.013056849241905998
ck_5010ffb1c94187b5,0.0012040285384938112
ck_7ef666d67bc70223,0.012458447174319313
ck_c1b493527224a27a,0.0006260622423241947
ck_5d1e25d7acc5af9a,0.008098944824156238
ck_ec30b61cbf517db8,0.0009069009887574808
ck_79323eb5d2e5efae,0.004172640167239584
ck_4085cd3bf2661518,0.012282897919988217
ck_2ca91214c357c072,0.24659331199700343
ck_7f3132d6be389657,0.07376132387823363
ck_e7a6b925c8f39a85,0.02814440792870694
ck_c886adec7bac250a,0.03611448096205556
ck_c3f360c2d0ea0a37,0.008911305437193666
ck_a7acd5b015823793,0.0035247403974647436
ck_9d64187c0800f84e,0.006989819236985328
ck_5d4ed73b9efd7d11,0.007239804931455297
ck_874eca6776b34dec,0.000932043265994567
ck_96a9221a87be93c3,0.18632173143341713
ck_68dd79a51eabf5e6,0.014456203038149325
ck_8311cb6755b2016c,0.0015102873273186669
ck_16fc77b2bcf5ec03,0.9919831613609502
ck_ad9e2088a33c8c72,1.915692859607589e-05
ck_7176bbc97b1e42a1,0.0019558119273518373
ck_80dfa54b30f65fff,0.5306771196355774
ck_31c54d540b128843,0.005121035375507124
ck_43ea894480567274,0.008004878073223894
ck_9c9e8a38bd5a6c88,0.012301696682810531
ck_1c2dcae19539e148,0.01337693311444167
ck_b0fa8b84e94d8ae0,0.004315624690515231
ck_4ceb43ccd0a81c2f,0.002415322668728933
ck_ba845332b730b596,0.0011528413779701568
ck_73d3e8c6077f61e6,0.11831499570232538
ck_b5d0d223ef56473f,0.008408734337066874
ck_949f08f8e80e93ea,0.0025259389658582893
ck_73de0b49709e5f8c,0.004777542327950285
ck_b5935e9722a39819,0.07239328502479407
ck_96247fee0eb44420,0.002212076552672407
ck_a6def1e4b2d57e0d,0.015046922286054734
ck_aecdc5a96321a2d8,0.007906681325611719
ck_bc61c59970f8de49,0.019665427474745714
ck_c43b4175fc9ac5bd,0.7439184454324099
ck_8ff7a9b23a55fd62,0.0025086038613142195
ck_20c99b645f462449,0.00501149472072866
ck_a5ce2ae36fb410d9,0.00011623879509799597
ck_96fb9bf556842bbc,0.008472778778412583
ck_b5e4c6dbbed1b773,0.02363189214414828
ck_2085433978e72ea9,0.07075024867637571
ck_2c6b174b063ec637,0.0077671432101128896
ck_b20b81b88dabe28d,0.002043227019771821
ck_243c18dbf150831c,0.0014366412896861314
ck_2bb6a17e8eee35cc,0.020429673104631698
ck_66147fb994495396,0.1477381345548534
ck_73f124f075ede0fc,0.0026324988398565455
ck_2e315f1b1e533dab,0.0024768565668882095
ck_16c7bf94ed3e7a6f,0.00033442845098011643
ck_4a0eae220a762ac5,0.014204753711109219
ck_dc16f939c2f44ad8,0.058605088181100495
ck_817926b449754917,0.0044414694176136095
ck_0c0dde42ab64ef87,0.042978874092466236
ck_cb3a40594da6a2ee,0.08499374937353388
ck_d0dc156441fcfdcb,0.014068173458060223
ck_66f0945add423e9e,0.003758183135463309
ck_a74f6a3030f5d495,0.01479845519207678
ck_1ae460f331e49ae2,0.022053608806777623
ck_2d177b2f4f0b40c9,0.1630158944159608
ck_92e474e4368c4791,0.005209141996351766
ck_3dee83fa2d109484,0.00042268570499639103
ck_80e5ea27848069fe,0.001955187166158007
ck_ed0c4a83701ca230,0.007202821223613569
ck_0b8b7c5c581fd161,0.0002563865688049963
ck_60bf8a2870956fb1,0.01070052098055003
ck_73a54b56a2bf35fe,0.9455880481456527
ck_2296d7a563424883,0.0021896761013110474
ck_bc19c383560c7477,0.006778272344168297
ck_861d8e3d88f1079e,0.04445712620015014
ck_3f090fc96c24eb28,0.001034488073757719
ck_9a6a1f8102febfca,0.01778971350811098
ck_541b6ad5d2fa5a39,0.010760294970327475
ck_a760d38d1bc4de97,0.0010583472590131203
ck_7dca4d7ee10b4eeb,0.0013494976287612643
ck_15220e78d1545e40,0.008511314095657014
ck_ca24bb0de508efb0,0.0028630035419267377
ck_56b389627d8f02c5,0.9990430199657231
ck_48a6754977a44db0,0.00703556909053141
ck_333a43ec339a04cb,0.021240409287496625
ck_f22aacaf86a65d7e,0.024184720855072932
ck_04bd8a1ffaf3ffd8,0.0014080633591374832
ck_2737a72de6b700f3,0.1262741533992989
ck_c35e03b0dd0c3454,0.0070358838772878645
ck_e0571312f395cd94,0.003771886402854443
ck_09fab6b9825001b2,0.0014083642475171071
ck_18c3a095606209e8,0.0054111741784116756
ck_2a97db9377d01e36,0.006867411216828685
ck_f29dbbfdd2786bd1,0.009860685286849075
ck_35d6c510ad29362e,0.1780110347834516
ck_5468fa99c945d785,0.0030183578250689634
ck_6f8102f62c876cc9,0.019487402695254737
ck_91955aab3424ad16,0.004207835808020728
ck_9a43c0c73a39d759,0.00903754363091183
ck_60b023af6d1e30bf,0.8026971287793376
ck_9704c5cf8659cedc,0.02646557316785161
ck_7e5f02b51b9f78bf,0.035806940559567464
ck_7d3a88d1aa649708,0.6096757311247163
ck_8250eddc1ecb07a0,0.03692292599864245
ck_d979ef95ee44023d,0.009515326696338347
ck_5e5461dac83531ac,0.012343276876532347
ck_d1bb8890081e0a31,0.026905486124093474
ck_32246c62640648d9,0.0007793301517874676
ck_77a40c7d2f862a32,0.01946892224817245
ck_1c8b94efe9238f5b,0.000767389384661023
ck_eaf3b6d11bc3cb11,0.0017351099252451213
ck_a4a7ef3ad799c380,0.0075590826638812225
ck_d5bd8f68da073cd8,0.005924107872086658
ck_6e6258227fc8db7f,0.0005449202357316908
ck_c35d444e05799db6,0.01036853961292365
ck_74665e1209140ae8,0.013603491238460844
ck_353a272478f7e903,0.007236395329604875
ck_a2c9796ea229a4e2,0.0018459538113299364
ck_e0171f91cb3411fe,0.0052585794445512875
ck_703499f5410280f7,0.0017429866517437527
ck_ae3a763997f8f385,0.028725481543984476
ck_f7ff94c3df5ac874,0.003672581618951769
ck_f3c16d8f747db046,0.03349414663830127
ck_7ef019ed77276496,0.0006559201731137131
ck_d6a4faadab58a3de,0.00506088839160488
ck_ba7b78d31d74c794,0.010833315136336721
ck_36287d063350ce9d,0.0015943765628449154
ck_5177fc7137ff26ce,0.00042817352171388694
ck_dfd4e79aaa967b63,0.006435190353720504
ck_fb44d15fb93a7157,0.012383398403747331
ck_fca478361870a4ca,0.005892355189945062
ck_e57b94fe57341058,0.0297000682534045
ck_5448c946cc4758fe,0.0018058612134268651
ck_c5ece5ffb8800ad4,0.010754946375408572
ck_11cb98211b2ed134,0.9682981633492326
ck_f655399ac75c4450,0.0044638319148623306
ck_c817259019588d30,0.005087067291095918
ck_8740a14d8096c6e1,0.005823901374890204
ck_0c5ba86f4e05b38d,0.029195766117897065
ck_ccc917533d4b73d4,0.019018936667516858
ck_9eb80edfa43203de,0.008913455356523691
ck_d1a1cf4cf61d6801,0.021938727045403634
ck_b17c239f160e6017,0.002616188322113525
ck_410c3e13b48e0415,0.0005029474013413782
ck_ab553954435e8854,0.9431116302174115
ck_bdbb4230c91e1604,0.048688613036509405
ck_8fd4937eadd64fb6,0.002705194848530734
ck_e0e90b196bef3c11,0.0006501819380984219
ck_3dc4d464386f0eb2,0.13604603129751602
ck_51bbbf8f8e8ad005,0.9995220045427354
ck_c05737ab74cf03c6,0.054466227198109014
ck_dceabbe04d99afc2,0.000700291359130415
ck_5b86fd14e85bc9c7,0.658253600531041
ck_d4febf0083800424,0.012307162146227714
ck_77d9f86dcf251739,0.006145053960336662
ck_b4dcebc543deaafb,0.049311763620222826
ck_cb856e75c949b0cc,0.0001387662205257368
ck_61b067de8ffc1ca1,0.006196317680132478
ck_c0e8560ccfd9dd9d,0.0011061513309069963
ck_173e1198c341087b,0.0012227010629558787
ck_b4d55bc809000276,0.012831079395247953
ck_839bf139296b5cea,0.0059674606666029195
ck_78cd402a2a4f2e35,0.0014505759413624088
ck_c2925c50ebacbdba,0.0014772885884769356
ck_5e3bc76eddbdb0a6,0.0006605976540018238
ck_b7793edca26fc512,0.004646374147408151
ck_d79bdf04d6f31cd5,0.0031525622194896476
ck_4b97d19ed946f503,0.0032247363614488684
ck_37139b41c5370523,0.04727999928272792
ck_8c346eeefa9ce692,0.012268519029681986
ck_2ab7eddee2d8c49e,0.0016764024366122782
ck_29da59ea3bffb9d8,0.16382503493192227
ck_c1d05ef0ec6e4be7,0.003134607564044939
ck_3882423b449f6291,0.9847603631859644
ck_5647030283171ed5,0.7129628055420495
ck_efbdcd9c181e72ca,0.0026488749271323876
ck_192fdad892782daf,0.07435460979450678
ck_0bf2e13b9f2601ac,0.04054251710867655
ck_3d6046a533057795,0.007438880331504992
ck_279a1d3a3836e5cc,0.0010364847285467419
ck_c375e929becde422,0.011668747313471008
ck_a59e90219939a1f0,0.002427316915771084
ck_4e9fba1ec54c3ff8,0.004643265328453561
ck_bcbd8588a13f5eef,9.496637496022202e-05
ck_5f9a7ff990341bdd,0.0031477904984256503
ck_e0403d507519b7d2,0.009729430174959338
ck_c9490cb61aff5112,0.016544194594028092
ck_41dd44308e6a665a,0.2270014982487201
ck_76c23726cd7ca947,0.007189999861224874
ck_9be551300209fa83,0.022621943255827504
ck_a98848eec6c9581e,0.015406782361323973
ck_61176dafb33b2d8a,0.7509299096250226
ck_92de019e05971ce3,0.0036739535279309535
ck_5d644224135d7c65,0.0027409032247367056
ck_c767fc454fa215d0,0.0020694003698062467
ck_5df85a8924e11f27,0.07762437494206646
ck_da2729307af06ed5,0.04508811023725497
ck_7c6b577174af7a78,0.002586096367412667
ck_893b8afbe11301e1,0.003383887196330008
ck_e06f6fed020ae014,0.009433287829399692
ck_386680372fb54857,0.002649609782819919
ck_7a7f3c4fe0c9d2ca,0.005523451469777272
ck_f908b527c4db422d,0.04562270651720134
ck_ec2eee6a133e9a6f,0.018136824098797844
ck_d98934f9fe0b02b3,0.0005278028930003999
ck_398a1ed77b0130e5,0.0039556754152880414
ck_d960af7a55b892b1,0.0064824159899725085
ck_4637e54a9f79e2e7,0.0013456096474358317
ck_02b9f418524f6650,0.007162565847257354
ck_d4b23804cebb045d,0.007753163848898165
ck_35b1939c48182a9a,0.002374302741348948
ck_2dcbb71e39d64305,0.024793256442884787
ck_47a884dec960ff2d,0.006012457812040674
ck_71fd8c346fde5cca,0.04964389341880752
ck_98e1992ac8e7d2de,0.06272314878817135
ck_ae7780327e210522,0.012611123082969362
ck_e6c584b4b1ad6d9d,0.009338747551091169
ck_344b2e326a6c3dcc,0.0010053780253911993
ck_9aa899a5230b0963,0.013395477858871047
ck_e48d14d5b70ef5aa,0.004549505481556359
ck_59d380a0973b3951,0.011833210263480679
ck_11318f7c041a5ba9,0.005154543386693633
ck_7061786fe2f22f5a,0.04072750292674059
ck_e77529651c416cf7,0.004591062417849793
ck_7f79878197340435,0.0025809316536701704
ck_b0a0fb0ee9ebf106,0.024547507719625276
ck_70c7679199776a90,0.005092817689845139
ck_b9facd2210daca5c,0.05736332595897602
ck_9949f53c155b8dde,0.003447415938234763
ck_1c607e24f2c4397a,0.019459925390752673
ck_aefd1ce3ce093cbd,0.00026913916027631696
ck_5a29b7018e43280c,0.000729072351095427
ck_69eb0b2ccfbe5f95,0.017649839928179166
ck_fe037765aa465c58,0.0027978779401688024
ck_5e512ef5362a3dd6,0.008240556767816805
ck_544a9e80b7fdc279,0.0014187642603649424
ck_7825494e654d5695,0.033035801328850256
ck_f1f2c3c623553f0d,0.0004366001902504841
ck_52730906e5b461eb,0.8908312980540565
ck_01e0689157fe9617,0.24560164905263007
ck_9da82e567074da9d,0.016875168733625365
ck_6a17384072f904c0,0.068630346581121
ck_8d84d771a21942a7,0.0006440590220528073
ck_39638880292782a7,0.01684688099849171
ck_7d51c86e0eec72ac,0.007740552187850931
ck_45f4c821c70d134f,0.519956299566042
ck_0af3c13ba56ce57c,0.0005367785758340657
ck_0789a05e061b2784,0.15299845197292705
ck_6ba091eb42ffa9fb,0.04445068698998339
ck_265accb3c5c32620,0.05939977109272302
ck_179039559ff7566c,0.036611858688404685
ck_17c0a6a92b5765cf,0.0069220199790911985
ck_59371c9140239fd7,0.008100441391354228
ck_f9c4f8b4ce2691f0,0.006772954935649164
ck_a2637e4872cf4811,0.22112167744283864
ck_1de43fd6c6c22a5f,0.13180834677076786
ck_6e4f31bd108571f0,0.00487247978708337
ck_da06d97db0b18851,0.0003618817558737189
ck_e0346d5081e640e8,0.01926748784083959
ck_c1c7d4e62c9fcded,0.024095107738554274
ck_2595669e421299f6,0.035994573350707236
ck_3b6057d51fd4c7d6,0.0015139791171602257
ck_c5f8ab515840a0fe,0.0062807286865885666
ck_435cb24538c6f77c,0.029935319767010696
ck_d84b5403da4cea7b,0.009050824012001902
ck_c2b61a98d1c8f6dd,0.765752030698538
ck_c9dcd92b2f836b61,0.1656911926975859
ck_9eb5b3f5f672c2b1,0.00043244739474991535
ck_e4cf189a8d31649a,0.0016711341923176953
ck_6b114f2a48152b96,0.0014588195878836472
ck_3fb95862b70f505c,0.06069402435379991
ck_7f780f465c29398e,0.005106984377061335
ck_ee387f9da79e67ea,0.02083608581124957
ck_fa3b1e85d27af2ee,0.056779977890924906
ck_e739eaaa7a1822f2,0.017864708121547224
ck_dfa0ac11fcb1dabd,0.0013899174647042077
ck_6e8751b571ea54d1,0.009211747321369035
ck_2d695f8358383092,0.0034419172474691134
ck_e7dce27edb700f27,0.0031204345691173275
ck_e322da8b213eab52,0.0020926039230245376
ck_d0b32e039abb8200,0.0034120972978275124
ck_b354003302b272ca,0.00949834269573902
ck_f7485cba392bc294,0.40303055777841296
ck_d6a290ff8362c7b9,0.18772460293429158
ck_c56a44fe315c0389,0.001964257120447944
ck_f77dfe6512eae322,0.01831225183149941
ck_35fe969c58b9e70b,0.10250305002624989
ck_4c518637db2322d5,0.07126405603181739
ck_cb61902798ecc4fd,0.03688408954322641
ck_56e6cfa32156a916,0.0018758641482619187
ck_343e6ed2b9d35c01,0.0040728760049287055
ck_51440f64f7250ad7,0.07794002769026144
ck_295bca29c34cfe2e,0.0049259721422364065
ck_dd30558576b45e7b,0.0052457278624922915
ck_3a30132a57181fe3,0.08695204718395538
ck_4a733aeb833406f4,0.006154658026051637
ck_1b0b7c3d35ab1259,0.017049087818172468
ck_962c3bbf27cd4b80,0.0944150900448883
ck_9528e1d6b1707870,0.005246389845998945
ck_b3263e7f31aab45f,0.014672715304886891
ck_e69195a3c885053d,0.0009548683058117404
ck_a907fa8795cd4baf,0.0011657222673410492
ck_205c3405045bd835,0.0034853738611934242
ck_e81fc223bed3c46a,0.028860235185764724
ck_363751deae40edfb,0.11529338929393429
ck_6176baea8cbebbb6,0.0017476744163336846
ck_633e6579f5c74a5c,0.7994847023361323
ck_ddc11fc481eef58d,0.017097386712294063
ck_e975002c979e12c7,0.21820710597784831
ck_8e039b23acaaac00,0.05150811603969833
ck_1d6990d94a4d2ad6,0.007249432842605839
ck_e7b583acaa3171a2,0.24386045137126433
ck_c0133f60d39b2fb5,0.01650886051875247
ck_7d6bff85e7a694bc,0.0011944665142553602
ck_d305b4d82f63f647,0.0003986687031383809
ck_22bd0fc71f95e048,0.046662707665094484
ck_9a65fcfc7916f93f,0.001363367051048044
ck_d61c837b0106085a,0.04905031263144224
ck_be86a1db08dea456,0.012389832034064763
ck_90489c405e6886d8,0.0004897886314772373
ck_0add2c321d579d75,0.036611858688404685
ck_482dea6eed92cbbc,0.01697684739626239
ck_c24b47184534cc2c,0.9983443931606041
ck_fa04ac31e596e7d6,0.002432055440836549
ck_084322dc5a3a86f0,0.008711075443197661
ck_ccb72a33cc1877b7,0.015557601208794744
ck_afaf374009d3b248,0.00771392116613048
ck_b53084ffede19a8e,0.0005357537739081518
ck_4760216154c8cac2,0.4386133118382742
ck_37ad3a65db673e70,0.0015727827594041897
ck_0c2932cc0d553694,0.005287593477934908
ck_86b853c52f20fef5,0.0018911351035311747
ck_38703b7546d35a80,0.07433227040689967
ck_218b7e6e6dbd2da0,0.0032855320248322815
ck_402db4184982fdf5,0.009021521381404734
ck_f917c82af80e4a79,0.019494979401826724
ck_3c6417a233c68c73,0.032076713756887275
ck_98068c397d70dd3a,0.01925638612670737
ck_b1cbd6679c0f8d95,0.002829141410028367
ck_9e962f9bb0e7bac2,0.01155532375116605
ck_b08247c3ad567d92,0.8639280608316198
ck_3ef7a03ebb81cfe3,0.0001387358272725115
ck_5d7ae0e3562e99bf,0.027638886109399085
ck_c91a628236baf91b,0.15130877756508043
ck_7f8e816ca51755e3,0.986675492441876
ck_5aadd286d188f5c3,0.004617932123017207
ck_a037aff5f8128c73,0.0019167669800975995
ck_5df6529ce8290906,0.011000678768545026
ck_5f3609511443e5a8,0.0019152534841933488
ck_a6f61864fac3c8fb,0.0036312203841026834
ck_2733fc6ba23ae46e,0.013418909820610413
ck_22bfb9246646eb41,0.9068634964178326
ck_bfc2a57d8fd1610c,0.19122208517157635
ck_49839e761d0e74e9,0.0015199030268087585
ck_aa4ba931dd37481d,0.0006160789271536547
ck_2f9fa0d61829f815,0.00865997675829197
ck_5b82c774df10d49b,0.0013074350614814398
ck_411219470d0a195c,0.008916776226880472
ck_d07485ba10514a2d,0.18318624379998652
ck_219bef979ee21bdf,0.0009142665657051358
ck_eb1006e7285184a6,0.02466661090828852
ck_fd242b18575e3063,0.02675121604940406
ck_95188150ff059c70,0.03890245451286226
ck_a9ca2f447b984a6a,0.007253823328737086
ck_2dd39723c4088b64,0.002633751223153831
ck_aa2b4c662ff213b6,0.02641260673422841
ck_1867b1199c864db5,0.02921133788437542
ck_850ec97a5a0dab9a,0.019800866214725245
ck_562320295fa35875,0.003700541272479227
ck_bab5759b07fe2bea,0.0047620779866165445
ck_b9f1465d803e57b2,0.1063244793351819
ck_8f21f2690c32c691,0.10530671869090165
ck_df87d6f61a63eb21,0.010213999772887552
ck_770475876d0e7e6a,0.013095370540493432
ck_b4c014d5c0cc9eb2,0.0030520062439568832
ck_3add4d23124c9290,0.002566535981649893
ck_bce5b7fecfb6264d,0.4603172619034617
ck_604c17cb97dc89be,0.0871166696125869
ck_e52cbcd9aafd26b2,0.0022155992907132356
ck_0ac9114076f5bf3d,0.015407239255684893
ck_dcc125b178b79566,0.0002588263850892342
ck_4e333c09f0c37dee,0.03221150285205864
ck_ff7e31ff8ba731e5,0.003218215679797127
ck_8d0532d24f1070d1,0.0008806113013075023
ck_3689fa41748a6f6b,0.09449370980030318
ck_7509eb97c1948b16,0.011821174330575718
ck_a9161cf1ca22a6bf,0.0016911374002700544
ck_bed3e3db135b782e,0.006195875165487262
ck_9040edd974ef8e3f,0.5783990348685527
ck_fac32d76ed40f683,0.003996625713827425
ck_3d7b1078e2d57c69,0.0031481715024897898
ck_dae09c4e074af5dd,0.011021012847082073
ck_fd84507228467b40,0.08459817103934801
ck_e2a2ce9b8cf44c63,0.006874713029390202
ck_cbe716f351d660d4,0.008326807018563575
ck_cba4162ef29a6d27,0.006472788397079737
ck_4f1e962ff8a29732,0.002781751315577599
ck_39a81899dded61e4,0.003435914832326907
ck_25382331551d22a5,0.06281061243774404
ck_6d64e1c07b19856e,0.0027129894958230565
ck_165a868bdef28ad3,0.03233195541529421
ck_88774ae52e30e877,0.00811278130319976
ck_fc7a9d0643570053,0.0004946412818479554
ck_c2017120b3b88a46,0.017064745897021193
ck_d115ac6b9fd62a7e,0.002566852284710798
ck_439cf7d51ec7de0f,0.00714986510389612
ck_2468a7e9e68a0927,0.004749261235886332
ck_7c418947124dee8f,0.044344791640905275
ck_fb0cf32c4a56f740,0.006777839599114591
ck_694eb6c43193afd4,0.01907246631520164
ck_993beb188dd4abb6,0.02128109022228375
ck_77fa39d3b733c226,0.08024951351776513
ck_49969a9abc47cb69,0.009557546389907919
ck_d3f44bbe2f7e9b2d,0.029204960384417028
ck_fcf5b8216d0c18ef,0.0010962600338169945
ck_daefe1e2d2bc362d,0.0015833275978952876
ck_9c9287cb28950eb6,0.011461640161146522
ck_c1d1a625b885a975,0.07219994901983723
ck_71b37fe47490b4ba,0.0058594773000460515
ck_5d16e257c0635f7e,0.13881865975476257
ck_15918075563eb074,0.0010845828319514363
ck_9a15fdefc47e8d11,0.0027977877805554757
ck_6f04d047d1dde75e,0.0002595057753937122
ck_1af2c0b3b8d202c1,0.003929668743810042
ck_174be2231c5fd2b6,0.001015803002021788
ck_bb0713a2a1d65982,0.007774926754357589
ck_0daec63bd5b0729d,0.022248043621344176
ck_c0b5cc3e8ad2ff44,0.01594133167625703
ck_35bee1fc12664644,0.2264882876280324
ck_a1c7cf63467df4c2,0.001052581035265144
ck_ecb1e15f0b185ceb,0.10988700904798125
ck_f280d31f54a4710a,0.0397630998139166
ck_30f4b2ee8abe1342,0.01713593870448171
ck_66bed631354de5b7,0.012485577589708618
ck_c2d3ecd7278eba2c,0.003584794686893902
ck_e901dec0e09eccbb,0.0034228526131737168
ck_5d038ecb3c8748a3,0.00427986267130185
ck_283c5bea94b21e80,0.002361892243811702
ck_7956c251b85f009e,0.6740884996959075
ck_9f5f81d771146aa1,0.00153831737538698
ck_9323e6fc1e168eda,0.6357833079459151
ck_10495d3a635b8d69,0.10595139284627397
ck_1982d571cd36eb0c,0.003684671769855926
ck_4f5d7985bcc2eda4,0.0016375776906308356
ck_7df526b2b4410bb4,0.11829428630519907
ck_dbb498b1a346a402,0.0017848422153427148
ck_ef059997563e3330,0.0046383823530417615
ck_02ec4e06709e6b82,0.0007782256133558853
ck_9782c86ba6485f88,0.000286968054244951
ck_d69de468b44143ca,0.001149571332769552
ck_6430a8792f400e0a,0.001084854280117145
ck_8285bd3c90af94f6,0.008735619107358891
ck_985c9ca112000e9a,0.019867245104740403
ck_e679fbf4f4f4aa07,0.007443152291695527
ck_016e8c8eaf9d511b,0.0211679322891886
ck_bc996c523944644b,0.029964952097284798
ck_5b8315726f6204e0,0.005376911946380079
ck_78181f8e998e442f,0.0003512880235041255
ck_71c68dfd011dbbbe,0.6526240092113781
ck_db32c95ce2b6f502,0.75767167596904
ck_755010362a9b1bc4,0.00033894537006150873
ck_114141d85256c9ff,0.0001386961210412245
ck_9d1a5cf5a3b87e48,0.003431730449447916
ck_ab640420858ab5c4,0.24201074505530218
ck_97a8dac48dd62488,0.1410296243492902
ck_879cc3166fe1bada,0.00016946490540057336
ck_b0ed11080076e381,0.002727123413740691
ck_7334a9ec656263b2,0.0030309382513179057
ck_6494f0ef13ce44d9,0.0054740294477998086
ck_724e459b9ece38f4,0.028899563595440034
ck_7fd8b1470401695f,0.26021776878378833
ck_292f81186358b0fa,0.0023841713010220064
ck_fa7de64d37287615,0.027522604397458152
ck_d00e09e66ed6458b,0.14959373747814522
ck_b8d210e741be186e,0.0009524416232506529
ck_3db59982cbae4410,0.010956278684076816
ck_69887d0a9aaca6df,0.0007652365148992524
ck_4feb21e2fb0b3977,0.007769574405334677
ck_08c6cc1e143475e3,0.002647801750610473
ck_fe6e168cdbb46b9a,0.10240100763164935
ck_07f1734be7fac56a,0.04056743845375408
ck_d66d59981307db93,0.030266564207811892
ck_f928dba0d587d7c1,0.0016671726391695857
ck_786448fe3004cbd0,0.0042736835624658945
ck_29ea329fa40ace62,0.015643247244942888
ck_7ea52b6f27edcb73,0.053075535213217305
ck_18bc51bbf3ef198e,0.06789649363162285
ck_44950df09ff14ded,0.0003898742399373032
ck_c1466b52c0a10b93,0.026894652194576266
ck_6cdac067cc4db5c5,0.08295323235509262
ck_53f55c6e8cf2d432,0.0004739687421051912
ck_95945f48453ca532,0.023726960923699743
ck_87cce4126e215153,0.004632031915311304
ck_1ecd5516c92caa4f,0.0012797707328833002
ck_819b482bca14c068,0.21397778545895185
ck_a61a879dd46fc9f2,0.02081232429163127
ck_af70aa32c009c3c9,0.0073764747572508
ck_f4fe78e249092ab1,0.02237069683502578
ck_12c46bc52bf45b36,0.011382393300669836
ck_f05f5e4b40afa52f,0.034093060467949556
ck_0f8cb09d3f4fc980,0.11925303788609525
ck_80a64a7f0275a71d,0.004403641893104508
ck_683af7b1540a0b22,0.01414466700022618
ck_51fe0b613c076cbe,0.001275606630524887
ck_da1a2450219dcf19,0.011109845647155092
ck_2a7eba01ceba6c2c,0.023919048116561106
ck_4e329e29dfa743ea,0.3109570005735617
ck_0274d881d6db82c8,0.007170445843717971
ck_0af5b7d128035b35,0.009483201596217175
ck_ae0a7be6b0a0ea68,0.006396198391558487
ck_de5bb7a4d091386d,0.14300474724321108
ck_2bb7c17168a9d17d,0.011171432697695174
ck_0ffdff7b2f5fdfe4,0.004921720105309703
ck_718a8390b3d42d7d,0.0032085975501039226
ck_7c4f12d70f184533,0.0003513601738228095
ck_d3e2c26b8adff099,0.008337816898123141
ck_ac9d3d9754104cf0,0.00040774016724795943
ck_3b1766a1d51f8f0e,0.1549883286932969
ck_a9bf75bea912027b,0.023817157410790223
ck_687eab3ffe1f8cfa,0.03316097897966534
ck_25dd0b02af5b2f37,0.06751376837657867
ck_1747fcc466f0ae38,0.00039825255709961886
ck_f6e9d14dfb6f3c28,0.03453136938098733
ck_c6a7bbd0adc4d5f3,0.027295926660179604
ck_46656a23f4456d22,0.6567408427225637
ck_7519260415c2998e,0.02060717190375904
ck_754f30ea19df857c,0.024337868367928426
ck_ba88a244d5f7380f,0.009978746591175211
ck_f268416945316815,0.011184765120943208
ck_21860dd2159dff28,0.0017141595549623942
ck_7a86ef4e2beaec38,0.0016087166793866275
ck_0414507baeea936a,0.03218667906308428
ck_60796eb60fc3043e,0.0024043132050571964
ck_1e0841ed17fe0562,0.009376265523206063
ck_0d641d32658d6e0f,0.000604776088525534
ck_b36086ae6d87eec1,0.004781666857500018
ck_962e65ab33b5c311,0.9328467053282509
ck_b046a42684468e63,0.009740390858802609
ck_ab3426435b0017d6,0.011765279275049
ck_fcfe06e44d09a344,0.004490407403313203
ck_0f6d916c92189516,0.02132678361493948
ck_d4c8f0d957c3965d,0.03271651714761591
ck_2ca83dbd728af019,0.0015397420013332625
ck_2857a4ce9f72fbfa,0.0005503422700631056
ck_a60e6edc48e3d0ac,0.21222456526575992
ck_0cbd3b27063d4415,0.03709320544972416
ck_612089ec90c37219,0.0033307160459151697
ck_ec4e597f17f473c6,0.0037400343947801237
ck_1c93cc58f314bf71,0.015824169470776004
ck_2b359a979520276e,0.0018314299211809814
ck_1496568ddc3b2d56,0.00949066391865943
ck_41d91dc9f5063566,0.0227776310152682
ck_4c5ff58afe3d7a67,0.0012873299058670429
ck_81709736281fa3eb,0.00048469901540542417
ck_d89abbab3d4957aa,0.0027537780563565966
ck_52453401f88935da,0.013052593864546375
ck_a477654d34783e06,0.0020602590757433643
ck_72dd0dbdf808cb00,0.01338468668258252
ck_c183dff3781746cb,0.08691471856706733
ck_c8b7f241810b45e5,0.00030945341468700333
ck_f88028c3f306bc70,0.021152890253742743
ck_91d48d69e4f5d9c2,0.009387128073536163
ck_b74b9ba6d7c9aab7,0.03436407863100504
ck_03e904682dc73bba,0.003262645694885028
ck_fc6fed6ea96a004a,0.008595313473846568
ck_51efdd240e34c642,0.03571134391982899
ck_e78ab4ff52b5fd2d,0.007079493328712788
ck_4af7b97c24d89a45,0.04613490336730481
ck_295c0072eca7f7a2,0.0014828677735517703
ck_8abd1a50a9227463,0.021364733022121316
ck_ecaa6f13304e3dc5,0.00034411329737978074
ck_de436e7b319be1fa,0.9987626034357996
ck_c802cf8f61466027,0.0012313630220054785
ck_3d83e0a3c1cfbf8b,0.005954269777153053
ck_28d2003c2d16e4b6,0.0005645983038732113
ck_8ddaf745bbb9cd62,0.000680338199008303
ck_493b6256091014cd,0.05935757850191083
ck_a2245822cfea997d,0.0023892279003099423
ck_f7305b3c64cf8a03,0.04825289523884981
ck_9937dad93a0ed3c1,0.002940466101841139
ck_d654449f9231ad76,0.003204604103547476
ck_850e2b59bc535490,0.07357648477429142
ck_e55e5bdfc0242aef,0.02617203559178906
ck_d35c51e981b98c5c,0.005456771637600239
ck_27cdf9c5e6f0915b,0.004835380338748612
ck_d328db1e1052d820,0.01435583074061552
ck_0ea30eff5f361cba,0.005614875111381125
ck_9994323f97109f4b,0.9945072639398006
ck_09054e97bdf9624e,0.001012535768327411
ck_723b4afc388113c8,0.002599774216312116
ck_588f6e6a6a6d93e8,0.008804727106478501
ck_e1d563fab4d6116a,0.005759777215462547
ck_53aca610e20598bc,0.016602207573946384
ck_c8131ddc7ed33448,0.005769522942048052
ck_899f88464305824a,0.017969300089402254
ck_1c17c65804f8889e,0.002826329177698013
ck_45a16ce12893cf9b,0.007022707569967006
ck_f9d481aa4f9b2808,0.9708922970268269
ck_1d5d74169cf892ef,0.009429272582153626
ck_aba32acb61c1aaca,0.030789849967257355
ck_ec4dd3675a8d28cc,0.00602359548132735
ck_5dcd443fe0bbdeac,0.0008990035200346225
ck_3a47e3f54475e854,0.0011645156093875982
ck_a9aa5c344c315532,0.007268222281346372
ck_9652283c9f61fcec,0.0008505953588050728
ck_752dd3d2487f78ea,0.0032187454424627113
ck_a821980ac4db9943,0.2991432365628052
ck_93e0d6befb67f7a1,0.021072590115091012
ck_e7a3881c3e36bd51,0.176345825230229
ck_12631b78f8a03df2,0.0003772134759626488
ck_57b8226610b48854,0.0022563616503134113
ck_352657008983fd4b,0.02780186024395898
ck_0841a5c24fd3dd28,0.03684354937609878
ck_db9b9d5d30f74070,0.056993017177179334
ck_a9dded7f6294e44f,0.011602185984128056
ck_91a16336ce3217dc,0.015332999378492888
ck_371bd9388b287677,0.0010022843787534242
ck_f285e5e1912a7c62,0.0018967642818379087
ck_368b65fca69fc415,0.1051972142423105
ck_d27a73596b6500c2,0.004211500659042771
ck_2d963f9b2c4d11e1,0.04430853731813167
ck_7c500e219af39486,0.003320639409403269
ck_7d025dea5951cba7,0.002473956780630186
ck_32f632706608859e,0.0021436726225576037
ck_53816231f3ffb48d,0.008779843030219888
ck_9dbe184e81c1ca8d,0.1460484765297907
ck_d74123617f22a21e,0.0013661405483043406
ck_275386782b1606f8,0.004276463940506088
ck_0b0e79d33e50cba5,0.0030388976511284394
ck_ba93cb604f792915,0.01822599905175112
ck_a86cd653472eccbc,0.005288256752624595
ck_87771861e0447210,0.055693644472848275
ck_212380e0371d8a6d,0.013048837265161248
ck_ef0d702d7b0ed745,0.00045320469347373565
ck_2b8f33e22f939372,0.7745254812460743
ck_480347ad92037105,0.0025636581818707467
ck_20124c3a16c53ce4,0.008756120134482018
ck_c9e1e3229baae708,0.008333226944491396
ck_b1befe967f7a5ebf,0.08264135686163405
ck_4672167d7c989bbf,0.053994537896235685
ck_f0c44ee5e3a42e3d,0.021262129571301913
ck_c416357d20238a4e,0.018129368709080922
ck_d0f470f8078c91df,0.010748981702941848
ck_3a70b4ee59084715,0.004116942612325377
ck_179ed66cdfc1ce27,0.0019202977374693187
ck_387e5a7f163c7837,0.01704243471829425
ck_08fb463e69f647c8,0.9943125680795707
ck_732f725747393ec8,0.013057616946012382
ck_7cc5e0fa3ca5a713,0.0011978955170527312
ck_ad4a4daa826ac68b,0.29845051683986057
ck_472e0be7a3b533bb,0.019189727094107795
ck_7190177963eafdd9,0.00788208299618034
ck_647ac26c5900f082,0.0025042998807420598
ck_272ae2179bbd8e58,0.0028923355426740114
ck_09b0d8af304646bd,0.00016231099807099815
ck_ca0cc8ea9f344408,0.003911422710005532
ck_332ad134fb909869,0.015617903918242889
ck_fca2798914627dc8,0.08297635340622966
ck_4450b55f462ae134,0.0035593332890958298
ck_d67d9dfb60b286b9,0.0008082144106447189
ck_a9d2bb4f2bde7052,0.000837517893492558
ck_929bcae878a3ecb3,0.4986483964578233
ck_59a9e000fa275e1f,0.004338162508928778
ck_57f17254e2688637,0.05484759650721984
ck_0508908697f60ce3,0.2090266785204362
ck_946afc2943298d26,0.002251367110954047
ck_7176d12b18f2cc0e,0.014309477435399745
ck_5c47b49c26cce286,0.05263355208844792
ck_b6a2bdb2d335e1d0,0.9966488135877607
ck_1d58f6caaa4d012c,0.022374251885335903
ck_71c917295020ccc7,0.0019445520162319904
ck_bc89644ae3688995,0.0023324027507193906
ck_e7c212f16d6df272,0.010221524358599446
ck_c6d2e11a368184e6,0.0019175145254022171
ck_eed7f1f7548df15b,0.012884605882203541
ck_75b69034000ca7bb,0.02791653047809356
ck_38da3bf629458682,0.00685880826161633
ck_90114c891239d821,0.00018180503971968083
ck_8ee08f6777cc155b,0.014194351762679393
ck_bd86132499defcd0,0.007324659890837158
ck_b95fbf2b5640aa82,0.00804116795862424
ck_c530235393360e3b,0.003985252061138553
ck_be52a7ec43241ba4,0.024176088637194944
ck_d96eb3cc55f2772f,0.012121815238705
ck_dd34f0a844fb115d,0.024136536805269823
ck_17cc7b411f448e66,0.01074501883344447
ck_856ea65fa27d06dd,0.01016699601599475
ck_056d5f0301c30902,0.019598335723979725
ck_e662b14b2bab23a2,0.24599763156267315
ck_209f574c8d92274e,0.0034680651016909918
ck_62720b81617896cc,0.018061131227949875
ck_041614694b77e599,0.0028716625448721085
ck_461e3f7b97db8d16,0.014978359342390703
ck_1b74b798eebeabdc,0.007083439279823876
ck_0ed2739384f1d644,0.009165557861090225
ck_5a4d19f1b83feeb8,0.0004242104671122165
ck_463937167965a1f8,0.0055974372346540395
ck_9d7151dbdf100e0e,0.019966948698790694
ck_20a7d1ce6cc27312,0.0028748570648869233
ck_6031211ff118cf0f,0.0011060922743466577
ck_a6fc92aa91e99b77,0.9090125942124333
ck_0aaaa9d2f75a0518,0.0049722933408715584
ck_ec26e327cc1848b2,0.009464710663246433
ck_0e6bebf8ae9b9b03,0.006723474576843982
ck_e107537a4cb738f4,0.0022254833145119715
ck_e8ea56e122a5a487,0.020744582408989607
ck_98149ed45d38c4d3,0.030609566513546124
ck_0e719b3a6906b8f1,0.00022666366188080572
ck_0c6e7bd357e4a348,0.0005629585546628625
ck_d3b2b250da61db19,0.9664371731659132
ck_8bb6b0a292754576,0.26334695005698366
ck_87d70f5fe48a6128,0.012872909570225266
ck_ea9edf9c107d429f,0.022078514215570316
ck_059806c52cebe4f1,0.1573666727419946
ck_a72d6df666e1c21c,0.00214486237844989
ck_1d2b80ab6c4944b9,0.004707182329902662
ck_60557f077abc42ca,0.10213137089957151
ck_e5f5cb7dd6ce4a37,0.017301304084231337
ck_4c4a939154446053,0.002993055620698194
ck_50ede3eb561a202c,0.015169738389361939
ck_6d03a542922b2ae8,0.005586617140621507
ck_d6fe761ed0db3270,0.015035849238379721
ck_7f0cd6ea3096f985,0.0007488760902306099
ck_23edb6d938a3b87b,0.004996250144508112
ck_799aaf9f2b9ef621,0.0031896786917773464
ck_f8f6a03613b6dda8,0.009806947135896105
ck_7cffb189f4f514ec,0.9690882616978405
ck_c081e1967dcd811f,0.020605337111089393
ck_583d6ca78c97d91e,0.47326192467160294
ck_9332bbc7125219a7,0.002650710649327056
ck_956b5af6d7d86c65,0.5609127138006919
ck_2d634e3f24681c0f,0.024839651104514592
ck_7b35d218ed0c5a60,0.0025108501791853907
ck_ca5b1057f8248f73,0.03323008630261187
ck_ec5ea81cf813597c,0.0010684518907734541
ck_eaebaf4d28400fb8,0.010787218356080064
ck_ae2ab6be219219aa,0.0005553909916555599
ck_d99a8b4c820eb46b,0.0016290126277916487
ck_bcfb7ffb7cd428bd,0.00939320080512998
ck_3dd542c2d31be2c0,0.005907525113585172
ck_c7dd84401e29a7fc,0.0007037411962626886
ck_c4bcc7cefd40f8e2,0.00031444768139678387
ck_c251898b5d51e3b0,0.0016141553266444421
ck_36d37be780c1291c,0.0006115169187690827
ck_99b4f266b61ae7ee,0.03096138844547569
ck_c37f03995f0f0169,0.000207696536311917
ck_65a23ac8e44eb901,0.006494389725977191
ck_644b1c1149eea9e0,0.007508397292008997
ck_9cf44eb0237c2429,0.0015092998538005695
ck_20541686a94fb71c,0.009769368792696924
ck_c18245be844680f3,0.004033405954084894
ck_56de216eda6b7fa6,0.0003175847423776363
ck_406c4442dee45cd1,0.0004780705947369443
ck_df1585c7d72a96e0,0.00025936619905440964
ck_b8e8dba20676d87b,0.01784288107123076
ck_0ee6965e68efc177,0.011834814438116632
ck_c2a5c54ad8d0d297,0.01712825732909226
ck_bf6fb7e6470e95cb,0.00024305944352623986
ck_27fa694569140345,0.000536461721680723
ck_e04166b0ce66393a,0.0010411819704200921
ck_8742114f4f0cb22c,0.08036069901203219
ck_6eceeafd56b42576,0.07237342167761056
ck_34f9951b0eca1965,0.014953405041278248
ck_384ccecd342a24ad,0.0008913267442966644
ck_49c98bebd1338879,0.00015499888096401403
ck_6c26c12071c91ff6,0.003742101295000838
ck_01e5986ebb9a78f1,0.028822733139221113
ck_121db7ba3be29ee8,0.01217719146333058
ck_039e6d5a330cea1a,0.015473976272222939
ck_ae8c9163cf957d7e,0.07396641476655076
ck_3f5e8f3f1df0c8c7,0.06633224929578481
ck_b1c51fdafcd80122,0.022533665624845985
ck_12e2b5ebfe8986b2,0.004004950663465904
ck_d55eb81a4d543c59,0.010545200501209738
ck_f85155ca5c312c7b,0.007751727625115799
ck_133d8a1ac7c0e301,0.9904819731274718
ck_04212a9bb9b28696,0.999173961352762
ck_4cc11c7d3ca61f73,0.0009260769443598821
ck_2df4854186ec515b,0.014441971141772985
ck_aa9b28e7fc43af79,0.504338023844726
ck_47cad6c3def4c9e4,0.0011267015345430966
ck_fbff7b5da8111567,0.0056015369001760984
ck_bd25ea782e375b22,0.039130097844344396
ck_7989376f8cf64a9d,0.004691916932716037
ck_675c0ca1ebb1051c,0.002237906724737115
ck_1436f6e11d4008f9,0.012458240126302415
ck_812cb3a4482cc618,0.004116158116900225
ck_6e606f73a1094afd,0.003032358526719388
ck_1b708e2a4a0584dd,0.012168904907522898
ck_a60d6b324bae0330,0.008324080471269217
ck_706a4f673a9fda3b,0.4359266244662165
ck_a75ece9a9044eed0,0.0004013212950285542
ck_9aa45c4e03c8c57a,0.024313181258906594
ck_9fe9bdce982b312c,0.0215939485179417
ck_c6fbdc5ba68a8466,0.022003754231206915
ck_ed0cc1b1c28f9511,0.08224652158713104
ck_a4e2607b4c8021e8,0.0007487590019554545
ck_e02f93f51cc8caf3,0.0015003411370245097
ck_7084ed3cf20781b7,0.049196554031867075
ck_cd4c63155570d6ea,0.0028157777591114037
ck_d1b9e5d32d2d789f,0.001808211661501735
ck_68f56f6560a7a933,0.0013074017930542045
ck_8bedacc6233c6269,0.011404867268887543
ck_ab7cb50407d6b13e,0.015861285531470082
ck_f17ed7e0fd687742,0.09499116606030626
ck_b0fe4b92fc70f72c,0.0006836269643129321
ck_84d62b8196da2452,0.004955897871231434
ck_9e298cae167f4693,0.0008476927682812449
ck_405b20ef9ad0ba5f,0.4615546190648692
ck_813e02e1ababd177,0.003782229022495224
ck_f234ab47061ba7c0,0.00041220072787064255
ck_22b587c18363899a,0.001637039642524667
ck_4e862c2f48c38aeb,0.0036846909233846092
ck_b89cb90a420c9075,0.0059362706969106754
ck_be2251640f27a3c9,0.18833552149820923
ck_46bec0bff167ed3f,0.027162956945983165
ck_c0032232c2868328,0.0019751991277853925
ck_030cf09525dba4ba,0.0015819031956218806
ck_6ecf56236789fc09,0.9871730734081833
ck_38d4ed52cbe6d123,0.03198201975109491
ck_2d923d957ffd4d53,0.006621234294168193
ck_3af1eb88728ed8c7,0.006615326230261991
ck_2f8120ca80a1592c,0.027321401526671608
ck_6cabb1a133f0b151,0.007133692164935672
ck_bb6cf7e7b707731d,0.8364191580161555
ck_c8307fecafa90140,0.002814529940301871
ck_75f968be67f46d24,0.01851478615693252
ck_df6fe4ec5a233213,0.0019931358421298186
ck_b53e88c0e927d896,0.0001154457588927326
ck_f0093064aa28f4d0,0.021471112625110606
ck_ec9976cabc63ff92,0.0007093162130920239
ck_30dac0a58c5590cb,0.018905922602432648
ck_348a525791ae6475,0.09150476256281286
ck_b898d912d1181ef9,0.01555420649568471
ck_f5b1200dc6f95760,0.014447919323408309
ck_54978a073e7a0b1a,0.005037322218215068
ck_55933936536a4071,0.0026062248333427102
ck_d6ba7ffd2ae08863,0.00492535028035549
ck_404e2217fd87fdd2,0.002262422773908806
ck_dfaafdaefa5716b6,0.06349948048288982
ck_556c62e92d4e7e5b,0.046451016211389466
ck_7ce44f4e06d58111,0.20197859478066996
ck_465cb8ce232c7670,0.006687365204037785
ck_237508ca4fb37268,0.013961104363661053
ck_ba4a6b9aa63964ef,0.011261321995734935
ck_4802a0a7a1882c88,0.37051304920601097
ck_9478dfe4114c30f6,0.0017922080537496235
ck_5138f6c575dec64c,0.005937662892346162
ck_aebb42afe430e2e9,0.003185133364679635
ck_004efa95555437e9,0.005126176023259511
ck_11af112667c98394,0.0151809777592763
ck_44e9a18a8645c9d3,0.0018027013362345602
ck_2605fd571219e28d,0.0002972722612670451
ck_dfc933493561d84f,0.002793297697045151
ck_67674348e68d1f25,0.004597326479649358
ck_dd97429277a2fa00,0.03432097410418022
ck_d3eab7a06eb48348,0.018539902065770435
ck_0b9fcff9667ec05a,0.004150743267747674
ck_fc4bfd6e739bddea,0.0021905930319746614
ck_43292f70a03ddf2b,0.012844826752062622
ck_5ff6108056a3fef5,0.005370607251631798
ck_767e0be086b5f601,0.014915679020501124
ck_b8465b1a5666155b,0.00508197406473336
ck_ab2e3fc56f5b3aae,0.001249982587757272
ck_1833c81d693c1e07,0.8978283850904641
ck_0308e0602b856445,0.0008536345578657998
ck_ccbdfe744acff8bb,0.00704145281362886
ck_b294aa27a0b586d7,0.00267028251433145
ck_a3747201f377626d,0.915557101750332
ck_edde1d7d1db24725,0.01745539225499662
ck_ae3b47d6e1063704,0.0043746871644619765
ck_3aabf5e0f4defb41,0.00779087162451095
ck_f034adb57391f3d7,0.14257081657560608
ck_533672fb40531607,0.044483024677807216
ck_2a244f1ae08ef83c,0.024239366257085393
ck_a35d81bcc54ece2f,0.004895037111651783
ck_78a61215675b38f0,0.00891955567463435
ck_e013d88ea7939616,0.004093146929127219
ck_e5018f9418e0102e,0.05592547682652033
ck_d4e024fcda401a31,0.006598076494102857
ck_f736cffbdb82db34,0.00011409384925007863
ck_1507f5aa50cdf3a0,0.005797981061015524
ck_18270fee7c8fcee8,0.0010430674597958448
ck_95ffa1a805a1c9d1,0.0018154776615897886
ck_11132d245b94d045,0.004878447266681529
ck_7b93a622e40d8b14,0.0364555740264701
ck_3854c08d17704347,0.03955763648277915
ck_7717fcb100dc4b5f,0.012536014094803991
ck_ba54e0a1c328119b,0.4439222859080833
ck_a7afdac4ecbf2de4,0.6208283203325207
ck_ecfb771ed2352085,0.015524773329624505
ck_68be4fefc85a6b64,0.12534393518843967
ck_dac7c50bd6d0148f,0.004094634764856893
ck_87cf36a03bd63c24,0.1303910500635208
ck_8adb40b168b59d7c,0.02286825810424199
ck_8d2f62930777416b,0.03165935249399515
ck_9958b58da9e3c21c,0.00926336676622457
ck_9440335375701f44,0.015790748677028732
ck_e2f88e202b6f700a,0.009739579901812692
ck_4c7c50684827a2cf,0.003430475065853735
ck_8a6ea4a79b1c7a8e,0.003473409019528586
ck_186dbff4b24a3bbf,0.0820982958788242
ck_220fda3c11c59b6c,0.12308105554511077
ck_3acccc69f8b1fd14,0.013214300463157275
ck_9de191bf79afd676,0.013499460775086765
ck_6de6b1663f9457f4,0.0007098764750350863
ck_062754f8b79b86e5,0.0004420973161748715
ck_aa153a89a52f7eb5,0.03671625365293957
ck_34a6bd3be642f15c,0.04517937800841123
ck_9371c700d9830326,0.01620783621770153
ck_a99e0c258ad7576b,0.007493058475770971
ck_0a7ba51d626e932a,0.02223465590940996
ck_852c50bbba1ead13,0.05500511540693656
ck_43dc13b6b6d31297,0.25933705921609823
ck_7d81b59d615a6649,0.02190834635363906
ck_39a3f1da060e88bf,0.011141309783376576
ck_6fb2d142c09ed3ed,0.022605144194638004
ck_6e5752b87324b58c,0.0028670878095757454
ck_9441d48a12e8a4bf,0.1000707003428966
ck_09e9c51eb538b255,0.017661457309856764
ck_8d0cd981ed3a183a,0.004549259853788024
ck_57c07c45269ca8c0,0.0023089411916502405
ck_ccfc9ab888ba933d,0.024101441805907124
ck_9658a6ef471053f0,0.0028217649325682874
ck_dac3852758f4ea89,0.0012147608390954134
ck_b1ed2278f5f14d82,0.023254554893352233
ck_333544d173524f70,0.027811674282476648
ck_fd4582e3853ef23f,0.007288657761838913
ck_614d936cef98db04,0.0009653727430796764
ck_6bc351a3d57aac54,0.0040417487040293075
ck_af5842fa7202ff25,0.0069829862467506365
ck_81307759252571be,0.002846758027731761
ck_b4d2f02d2cd45720,0.47140369785072017
ck_1bd753a4681946c8,0.9861213137896035
ck_46d8c029d46867b2,0.003651211384559995
ck_b7da6640fa2f49cf,0.33164493499677944
ck_9ea3d5a5a91fef9f,0.02262975318881248
ck_7b922518f667f76a,0.0004165409629605769
ck_2a5b31594206eb30,0.7307471521975654
ck_d9506476ad3f9e08,0.010050552591716356
ck_c8791f7ebd4d93c7,0.04048743201490045
ck_b5a3e20fd210017d,0.003040044468365743
ck_8e54386f4fe22cad,0.0079619792450675
ck_75296704f5806f56,0.016657632723331206
ck_0fbbc7a6af300368,0.0009729884343066689
ck_d19bf4dc0627113d,0.001968153032619387
ck_7951bd4eb99a0175,0.00015344135023314084
ck_059e4fac6b7f704e,0.001941474900107307
ck_2ce8931af02a2ce3,0.005118419949657416
ck_9e665618a4860306,0.0008964650536132561
ck_6fce5a893613fd2c,0.00037986730341650713
ck_9e3fbd04e3532f32,0.20366379370490317
ck_55f2ef0de3420e3e,0.041919276646946786
ck_8d87658a6f5d204c,0.6083783724246897
ck_6d6ac1f5dd882aa5,6.846352327556432e-05
ck_55d0c7012d7ef236,0.09981658559183931
ck_7738eb085e5753d6,0.000953533178898155
ck_0e6e05c3cc8c8242,0.004508844858155968
ck_8d27ff8383d48132,0.0017405476585604241
ck_9afc3bb849f3a64d,0.005754021762885866
ck_27eb86a9898cdfe3,0.0037447396769021584
ck_1d40e4fc541abe93,0.05517611735961412
ck_4fd9dc00e1913587,0.9959060691914386
ck_b26cdb2b7b165d2e,0.01689113376961488
ck_a79a27767a02e31f,0.013887403506376317
ck_f0c18cb9f951a71e,0.004907038675348041
ck_50460e0189de6274,0.9879804272008572
ck_5e5280539257c986,0.004571416998449285
ck_eeb854318b3a6f0a,0.004248356801228234
ck_943f66f28dd24750,0.00016036110611543388
ck_984dd7452aee372d,0.0921836504899327
ck_ecaa6de0aca5e9a0,0.02803572472604196
ck_8f1cbc432e2774f8,0.029105963397490203
ck_d91d9f8445b9769a,0.2625342185702335
ck_73c18e03e3c7612e,0.0007782992213624827
ck_aded05ada490da20,0.0068256841635002735
ck_f744e208183971f8,0.002343762419923075
ck_02d4cef6358ad3b7,0.0019238160012588978
ck_08ff5bd467226a5f,0.0004496503103546699
ck_f824b326d5089885,0.14534688752592265
ck_3420f2fd520890f3,0.02359951111611659
ck_1838cf8d00f5b1e1,0.005239383471634363
ck_a85182ad90b6f1e1,0.0004213556416540794
ck_fecb39c82c43e76d,0.0005466469622023956
ck_162513e73782929f,0.020253876414076707
ck_2c27b77c59d8f23b,0.16943116695262195
ck_4221e07b17388fd3,0.09834949435102663
ck_adfb8472d5c3d669,0.028371244341513304
ck_0742fe64055d686f,0.002322667000565607
ck_5060aefcc8b6f958,0.005565864247981787
ck_643f549b4ac78a26,0.10108022561773587
ck_dba767885bd6ad69,0.002833024502265866
ck_0dda35c0c64c7073,0.9969635219224039
ck_38ea56d43afa5660,0.023271453807473308
ck_d813e15ac91f487c,0.16955263937053025
ck_4c840e5585a7b167,0.13542481654013783
ck_cb8551453a7bb929,0.017017765326255953
ck_05a00b1dd5a03359,0.0018879658487311807
ck_837cc7fd48453a01,0.019790468575887624
ck_49dd816b31fba6b6,0.45177455758655016
ck_86a61d9a39768e87,0.01485662194300885
ck_cd0e76f0e7bb38cc,0.01009955345413456
ck_dbe58392635133ca,0.04140547724147397
ck_3caec7dd6f8d02c9,0.04244347062147632
ck_bfd9bfc5b6ab4a54,0.01926405132960225
ck_2103399bdb2898a6,0.0029826537933656874
ck_329f7de7279e74c5,0.0019810580209578105
ck_9bf0d28119fc42c8,0.032247455285117625
ck_f781539b1042dc83,0.0034503789513051115
ck_9986c7d781ac6b4e,0.002224734259684205
ck_a627734880aca848,0.002207625888944243
ck_2106e509d77fdb4a,0.4847621743684066
ck_420d1a9c604293ce,0.0064976831745484675
ck_fce0610c527e2b56,0.017665862450172695
ck_073da541ec3f9d3d,0.012350954339824615
ck_aa5f3ab48c17fed8,0.13742443444423766
ck_0fc1086e1c9e04b6,0.0017712739069536212
ck_5c33bb46c1a5945b,0.027350963940917895
ck_500948a8d4bd8e13,0.012349964455811597
ck_19becd44f2c3d2b5,0.002848047647454605
ck_7d0fe77dd5ddb656,0.013983874826653498
ck_f158d9e5f101bb35,0.01023429670424523
ck_cdd7c77823c2257f,0.03406292169384991
ck_6c7b41374f9b2e55,0.004315490315315588
ck_417090dbffb1a63c,0.0058604403886064515
ck_dd0e17605f970319,0.002782530261445218
ck_3646515079e6be55,0.003426660784932371
ck_89c8b06aa8c84b2d,0.05663804767059153
ck_e4d6dedd97233c07,0.0182354740816953
ck_bc82fb1895fddde5,0.002906263537843321
ck_88a8b1d442ca3686,0.019081232502032707
ck_5791f8f76a629a4f,0.08722924182328369
ck_9cf5e88e97c8c7ea,0.018446681427157996
ck_58fd684aa5a6f289,0.0002596775128481811
ck_9800c21dfbd8e811,0.001966468528946106
ck_8ae64df60ab6ccda,0.023826908418204562
ck_e535fb0f0c00418d,0.09201887328215579
ck_48011996d54855ac,0.265978528524023
ck_ac79c72a8fe3fdef,0.03614426172666301
ck_b8cc2df5192bc49b,0.030001959181156307
ck_e96a5e1f08f8a867,0.00103875703700447
ck_84df6770549e43fa,0.002190945192527575
ck_e5f7b99ba6ec5767,0.01367537239690464
ck_8347455ab53ff620,0.004213850109925042
ck_a84f2cdf695a71d6,0.005621860611245808
ck_90456160115f9ef4,0.0027881818845921502
ck_ebd178b3f3a9c50c,0.020240354258154233
ck_e1140be6157bacbe,0.0011637041832986924
ck_744ffc11d32b96bc,0.004119892643787739
ck_e12a9f7d027e3387,0.003210747808277663
ck_cbe525da0b69f18a,0.017762116516979905
ck_aa59702537557ff1,0.031412943466127385
ck_0348cc6908f7f3af,0.0004521418786362025
ck_120e995d50956bee,0.02279809782364765
ck_9fcde1ff46cbbea5,0.002588301672852064
ck_54b0b070689c50d6,0.0004327207412990067
ck_966a167758fddfd4,0.029550503615972154
ck_d5194f2e92fd6427,0.011389379210630561
ck_2ee84f3fa27f2cb8,0.002741665773985653
ck_57d0a7eb7eae2eaf,0.028327917595258444
ck_6a2c4edd82e10969,0.00113060981810919
ck_96e4d38ef670eaff,0.004934485447585592
ck_52cc2fd5095b169d,0.0024048670465479927
ck_4b088920f3a844c1,0.05465501148739593
ck_8f3ccbd20d59f1f4,0.0038847633280782424
ck_e5e5dc431bed6f9d,0.006058618761149351
ck_e8b5bfa6838e28d1,0.026727287280010604
ck_4bfeb78b47b7c6a1,0.05462689594592257
ck_a705c61bd679496f,0.004801676981741705
ck_731869a0c39cb2fe,0.00827478485206908
ck_259eb102342057ea,0.0032518896672436497
ck_47a6005fabc33551,0.007951397391613643
ck_682262b455a9edd4,0.00022566993963411366
ck_e839d104854945f0,0.0009443656950459939
ck_761989aa4c47d746,0.03278743541499493
ck_44211dc210139ed3,0.014763111850070931
ck_9915ceedf63a5289,0.06522852924540853
ck_da59ab47cb6284ad,0.0011344502802927466
ck_e5cdbfcca2456652,0.002296288095914281
ck_13f2560c6a1ec62f,0.00874469511024988
ck_a0543e9b3abe1001,0.01865830816323243
ck_11c7a58e09e6547b,0.018689004786050203
ck_69587a134d43a4ad,0.035036314104621914
ck_28dc0de0ae291f37,0.022653023495020738
ck_298922703c5bbe05,0.028716712301838098
ck_fa5ba9ed9ed6a343,0.022842461268326397
ck_c08e64d424e56c05,0.036160482159656074
ck_598e036a28262aeb,0.0855962185348278
ck_3f7c870510083a51,0.015154312904928066
ck_364f8203a3e98d36,0.5071781351098444
ck_7333cedb61506ead,0.008422516240761702
ck_1d96d7fd65f208b2,0.01363102236942463
ck_63133a79f23e2627,0.01860710099027377
ck_901d820e0b72abae,0.001011777510167988
ck_5dd80b3c01457bd8,0.012615131240931077
ck_c0b8067c144ed6c1,0.017570187456276913
ck_cebb8aa8c8f62c60,0.002747345223369467
ck_79749eca42ff1f5f,0.016446530355819985
ck_2cc1d9b587f6da31,0.08295868506998232
ck_ccc7916b56d42195,0.00254469641128429
ck_e43e53cc7b8b8e41,0.013447380682571489
ck_4ab74a6e7450416c,0.001371229701533556
ck_6e44024e9de301c6,0.0005761102905441286
ck_dd78cb6ae2866cc6,0.004565917441401359
ck_c363d3b050baf3b8,0.01699517936879472
ck_2d46291975f0dd08,0.0006267168250289009
ck_76ebeb5aee42f041,0.05465501148739593
ck_8395f004cf4d4c08,0.0009994274951518557
ck_de7259c3741db179,0.006489358828786265
ck_3938e92585df2b34,0.011260542656941179
ck_af69bfcf4f07d932,0.013828248881503797
ck_1723900ab9afe374,0.088007376704042
ck_3d58628d1c853c8a,0.004724236086834262
ck_12a074db100481cf,0.04043698195281361
ck_8716cbf892c50e29,0.010306048117198404
ck_fbf7351958ad9615,0.00572184869995319
ck_a50370907e6b397c,0.015912998069988176
ck_937402a60df0821c,0.0006289387013828468
ck_8ce9c5807acbef48,0.0025564048283041696
ck_acf7d65eaaa4c31c,0.0014634001824822274
ck_ec3eb6dd0967cac5,0.02456375744454117
ck_fc832b0c90c9bdb9,0.876168665780719
ck_8129e81cde280131,0.0074297622399068
ck_52c0ef68aa2fb8cf,0.0037001619917236355
ck_06f042e9b1b662fd,0.05178788902465519
ck_0bf35dcf7b38f650,0.0007547836074750274
ck_615763afc2e17a7f,0.0011364359916128553
ck_e72db9d4b2fc9997,0.9921213088601387
ck_13757bf0eeb353e2,0.004267069873133001
ck_abaf371ec8249c4a,0.05589153914170661
ck_9b7167da0920c37b,0.030269967938804414
ck_2e824b0b27494a17,0.027345967015797407
ck_9a0b605e9c3220c4,0.0058385493370181245
ck_a5276af466b681de,0.0019624025114892618
ck_9e0383e1fb6e214d,0.05605549216677144
ck_6a27c44b691dbfac,0.0030861841281752834
ck_af39767cf583905b,0.006117759554058719
ck_243b1b9fdd3f9a74,0.0003636515154911007
ck_c0422e638a9c6046,0.011253834669163514
ck_e0f3ea3373dfc4aa,0.044733427861142976
ck_d56ee1654378ffc7,0.010053487194446703
ck_20cd2f5666719baa,0.00044185104165140416
ck_4dfa1c1e9b69fcc8,0.013544044967056565
ck_5d22e9ca1d15180b,0.8902412584504912
ck_f4a7ac178fd55f0e,0.001676818454790898
ck_fd5609bd23a1eaf8,0.003461179689690886
ck_49c3bf13dc9471ce,0.011243301638955117
ck_724085c3452d4693,0.27548965437489586
ck_e5d1462846154a75,0.02070522836050646
ck_c69ef0f3e7d6acf9,0.029948441795434433
ck_a2d0417791d4132d,0.005665510907101588
ck_00a07fc2a9183c3a,0.0008319716689000346
ck_781b8288e54ba8f8,0.08239271251174715
ck_d74a62ab3804a81b,0.0056465195788152475
ck_abcbde211b6267f8,0.014042643029733183
ck_16dbafc035574654,0.0013157283384957728
ck_018f780215ecaf38,0.0036536394359368515
ck_0b259620eac51618,0.0022450270230626856
ck_4f875342394c110f,0.01769343610769719
ck_399e45e5fe9beaee,0.018902911185426093
ck_36224a2d394ebfe4,0.0629059129537249
ck_c189b551bd111332,0.0005187108182477727
ck_125c5a720ecb177a,0.08856593950374399
ck_76d010aa02eb477a,0.0005944619214215052
ck_1071d14c46c92379,0.29092598911245016
ck_61d244b2cde483af,0.013265437345408975
ck_2ff1860da2004c84,0.002672938194439618
ck_c5b583490198672d,0.0035822902265127254
ck_1294f7af22fade11,0.15731344868920985
ck_e3a22799716df39d,0.0022452490054038206
ck_c77e22834ef97005,0.3148653965819281
ck_73d3689728270a2b,0.0018180554556158498
ck_295565fbf77ef885,0.0017322252131793663
ck_80c0a7f54ff4895d,0.0024075655634723664
ck_f1ef5cf7f10b16c8,0.014835934322513344
ck_a958b2461ffc21a2,0.25393190603346544
ck_0e7899a57cd617d6,0.0013703948166982505
ck_9d4fed252718f58a,0.013247441409217237
ck_83c2c34add971d76,0.0007132554272381695
ck_9ccc030ba2de9fb2,0.015052905076731035
ck_cd691e3466fb3742,0.004180467023863558
ck_49df70f908dfd069,0.0525884240024738
ck_362ce13eec1e33a0,0.010079613527366962
ck_2452a30397dfc54c,0.007843654884898013
ck_a443d49c2b4863b0,0.007786436900204954
ck_c8b2e2cb349dd0ff,0.01980401270784933
ck_354909fecf5da8cf,0.01567902590218521
ck_841f598bbd54c83f,0.0255314877877058
ck_cd6fbd4e8724f994,0.04458278133566588
ck_e0b3158111370118,0.024146523239260347
ck_4c2f2eb657c2c60e,0.0012621809619399692
ck_ef346071f0b7654b,0.005175592141805073
ck_f3bc10e3decefce4,0.0017640424029171265
ck_189b6fbe9b9192e7,0.016152021800108905
ck_5245cbc5ff4d4fa6,0.007049962404415483
ck_cb42e3be6fe87f60,0.0027710751762362886
ck_966d4d713cbc7792,0.0010325726626311032
ck_1c8c969667cbaab2,0.8949696561909333
ck_d35e3aa9ef5d405e,0.04994679502487385
ck_a1c39df50a5873b3,0.01730235614180547
ck_a152165caf295b51,0.003922602230947748
ck_891eaedae139828e,0.006965912997473171
ck_1a46b56f4734d52e,0.004318476552063387
ck_5e36042cfad96c99,0.24682071487030996
ck_02a8582c2603e675,0.010246607596694273
ck_6def9d0429e4ed4b,0.007490690127374568
ck_e137400825a1e3e6,0.0017368332949330234
ck_d91ab840848a54fc,0.0005989674904608606
ck_becb6e1c608e0078,0.0012167447569051283
ck_6fd8c86ac719d7eb,0.07429050971955059
ck_3ed4d13f12fd9d0e,0.039893981129195046
ck_007337aa99a4891e,0.0012244048301654927
ck_60c3d8306527a08d,0.00020958825258320395
ck_95458880a54df0b1,0.47186210926822364
ck_b48cd8593533fc1d,0.5088838604404656
ck_021c6a4a7e3f1f0e,0.000748214856090904
ck_764d40f865e710af,0.003318220460569649
ck_4b84357ae8ec7777,0.009313348089829436
ck_3397c7856b4669a5,0.0015682452029722235
ck_920bb003b42e6310,0.001583844870438996
ck_8f59f11b512d5b7c,0.03604710843646534
ck_a3acf4b986afa98b,0.15580552894189403
ck_e89d25ed7bdeeaea,0.0038246243504192457
ck_70e6bca473bf6902,0.0012410485318024953
ck_186161ce152836f5,0.0040039670400855605
ck_9191579254663f5d,0.0016174593603345804
ck_1e6628879e9d653c,0.015255850000299803
ck_b498fa91a0776ff6,0.007416660156010372
ck_cfc2384f22954830,0.032617555822704244
ck_17673a1c2867888a,0.001258624727641218
ck_523dce06515b072d,0.015756317926304143
ck_c20638a325ead2e4,0.0023771043812128054
ck_d3877e1f907cc148,0.009886082778017962
ck_e9a2495dea8675e2,0.015419551434072707
ck_7e561caa5fa1f3f1,0.007969345677016737
ck_455672e652fe1abc,0.5723199940201517
ck_7f8f864fcc90ca82,0.012658510835193579
ck_1ad36046aaeb816c,0.007529528431153332
ck_de056e37c82e8e00,0.01964436895764619
ck_7484c214c889fe7f,0.009640796443537351
ck_32430e678c4f9f53,0.004254007050840648
ck_6276ece8f80ea799,0.009658247874191492
ck_ae8e5dc4b725bc25,0.00565913255294363
ck_f01be92dc78a2dc7,0.006753018102576748
ck_233397a8bd40d38d,0.0024437454960301846
ck_f8124911450fdf31,0.8551446622433265
ck_aa0a3179f1111674,0.0013482181288064904
ck_2366b29ed9887a5e,0.0007877086756367044
ck_1f22f04dfc08cf27,0.003382700531834762
ck_b62276c3426d680c,0.023499145496364515
ck_d099fca88691f66f,0.06156475573813625
ck_166bd1dcbaf4d6fa,0.0004139774589074526
ck_7b1660e942436e12,0.01578451614438587
ck_4a9a791a1d409a3d,0.03600307160522013
ck_b003e5b54df65db4,0.018199103432489715
ck_64b4dcbf436f0b75,0.0008484761305212264
ck_26e9a7bb2061a58e,0.03599240269525686
ck_08b77ad5f8f73007,0.010839165991359041
ck_366616a725afc6bd,0.015957864362475555
ck_934fb5064b6eefe2,0.0008822147871023407
ck_c6abd5d57b1009d2,0.0019668612090261517
ck_edcfa9e1cf29d813,0.04990182807392191
ck_c30201ebd003fdc7,0.01567876236614432
ck_c54643d94d3ce355,0.029079304887429717
ck_02adda6e91e49650,0.011673194571957408
ck_5b73d7c5255e58a3,0.10760150644444157
ck_129ffae92dc01408,0.0006467547062362556
ck_fa321945ebedb916,0.02718436389211142
ck_8da980cb2e1e2bfb,0.013933226014881483
ck_0576b00d728bdf19,0.02915983914535057
ck_c543d82e22b3c8a5,0.0007574611569578783
ck_0027ba644f9ae2cd,0.18993297330128964
ck_8dbf61df902a6bbc,0.0005104545647929758
ck_90eeca1cda79fd41,0.0005380980046401394
ck_86d7127391d4e01f,0.000527022169522416
ck_73762038c7ff2f6f,0.0016011321276358733
ck_a1484e6215fac651,0.7366905705375492
ck_cb83b9f806e90dc6,0.26436111641309035
ck_8c6f059c95872126,0.0005678702306033886
ck_3174419a81e7caf2,0.002039729293740765
ck_6a0f8f8fa4a3c2bc,0.010683057526431014
ck_b5777605668bfca1,0.0004347902304027811
ck_27e4de495abb4d15,0.03399823745377931
ck_7f6fa79c7a107161,0.011182761909248997
ck_c36ed9f8e6792ea4,0.003427202554687708
ck_67a1aa88d2ea554a,0.029219444364286685
ck_09748dfe4df3d540,0.0014688518841762793
ck_27fd85b1e38b675a,0.0014742183453611646
ck_2369689bd795ee10,0.0012980468116505506
ck_4eb1c12f7d092bac,0.0017689259841295307
ck_01fbafc42c8e33f5,0.004421985156870762
ck_93c4e05699b3b7d0,0.003413216547649684
ck_afc484d1b6907983,0.002079951719016123
ck_1b2d9cae92a1aab1,0.0247926258931957
ck_73b729cb161487f2,0.0067214313445936565
ck_fe3c1d0ac090d960,0.14510533749214324
ck_408efac1d3885ff8,0.12393973492970967
ck_ccb4dd9d0a48a76e,0.0035833568575885234
ck_2987eab34ca7805d,0.02154826454586674
ck_1dbf1f15193197db,0.045179176925742026
ck_4ed711fe4053e74d,0.31603394130819157
ck_6c54adce174f45f4,0.0023334142978654764
ck_a6c740041faf0bd5,0.0008572853560069662
ck_b05c4d33c4f43639,0.06597760590249485
ck_032880f1114dd51c,0.01854585692260714
ck_22311b037456a76e,0.001128955686564085
ck_5866b413549765bf,0.0029091393700378786
ck_0e808afe2570ecac,0.010000650219419916
ck_634276b05f4381f8,0.0025904759448873867
ck_5d8773badd0d4740,0.013411921285066486
ck_82b5b79ce3517102,0.8905250762545013
ck_b378b8d8100ee4b1,0.007137813386817136
ck_54e581f71be5430d,0.0007793720613540801
ck_798ba4b8aa544fea,0.00045361168520838046
ck_3fe86b6331ff95e3,0.0621473081309441
ck_81275d9d4c559e6f,0.000987198737459944
ck_99a4e5ef02d89493,0.01405755875670854
ck_54e2eb018d947790,0.0034769489294539623
ck_966901ea9c77cc02,0.0025074322743674363
ck_27d69ff4e0cb428c,0.10697413433618463
ck_2cee2dd7bbfc09a0,0.8632986777709588
ck_4136b00924695ab4,9.748493667763222e-05
ck_59a164c40c03a45f,0.0034785656900462197
ck_3e24b026bc66789b,0.00045328339336729497
ck_8105bcf69a75ee47,0.0044082238385483785
ck_7a1782cefe26a456,0.08298509529148798
ck_970c7dc195161272,0.0006487969242647854
ck_a48ec0c00ae20e82,0.039382904763829926
ck_54b374ade34e1dc1,0.005714548579318859
ck_74e5dec189761d14,0.002983317685358384
ck_4717f24f2c6f40e1,0.09395974215210502
ck_fc8cd8a8209e802d,0.020815123932222176
ck_71db4131d7efe218,0.003272871784588509
ck_45424ea6f0bc4650,0.1979118187040287
ck_3716c6181a5035bc,0.012643345746263523
ck_26de14b96bdad4f6,0.008079684289983046
ck_99c0a41ac9c73857,0.005966519637525487
ck_645f15bbbcff3b4f,0.9979398265013139
ck_b7e25ddd41514d4c,0.0008723926913228298
ck_d5c14e877ca7b755,0.003975095906030177
ck_05ea4440dac6cfad,0.011772255890566555
ck_c58bafff7b1955cc,0.011102253752927354
ck_f0cf85b67a9b840f,0.02364162699203203
ck_ce1500a7f0d03fba,0.0006746504908773375
ck_d4972a775aadbbc8,0.004551289420560677
ck_3eb6146c262e0fc3,0.0004176274124672831
ck_afb23858a4ef42ed,0.9932077596683045
ck_2c1def5c91c52a5b,0.3354723042931893
ck_72e550559487b919,0.004773838012349795
ck_0284dc2b4f856b3a,0.21579711096754442
ck_03be334935e999a2,0.002696733226600037
ck_e35a4b4a3cb4cedf,0.01257598124056025
ck_5abe57dfff4b735c,0.005540643529806322
ck_f5f87f772388efa0,0.03297930180997616
ck_5a22cb36d612236e,0.0011775303414591123
ck_8ff1e6028e764472,0.9883564914350199
ck_2ab28149b0986642,0.02230544295221447
ck_c88fc1bac79fa6d3,0.053534401330255305
ck_5b137d74bba6b1b4,0.0012146785350863143
ck_11f362dca2dfaf5a,0.011117787692120878
ck_7f960541e5174565,0.002464384259769356
ck_d5458ba39ae94498,0.009615304156463361
ck_0a921a73a90c2e39,0.027204441091496168
ck_6ad56ef40086dbe4,0.002698433561745208
ck_b68199ecccf2350c,0.0008752350396705313
ck_6dac66c8198c07d8,0.003841895640291044
ck_9b9ce7bebc235fe8,0.0008124015652998022
ck_6b817117d87063a8,0.008603695634649694
ck_900d62b3184378c7,0.0005716367913343194
ck_eafe9b89857149b5,0.0039864137696439044
ck_e74716a525ee5b24,0.0009420436455822373
ck_4e9a6f06ab134102,0.03294350980835204
ck_b0d33b5a3716661d,0.010741932335551235
ck_8703543bf3134306,0.014845012745670572
ck_923d6a0f83accef1,0.003439228494914634
ck_52e37e2170532e2a,0.20518769665654157
ck_c1c5ea839c58958a,0.007469814443319564
ck_660f0006780e87e7,0.0013095995662380556
ck_830b2c5d1818ac07,0.014448365724821124
ck_b080ff636932d1f1,0.0003002611647234084
ck_38730aace405f2ae,0.9992495648021947
ck_9790138467a06223,0.0004780726925505934
ck_10de0b0d86b17839,0.0057729804369778094
ck_c3e37a4d3382c32e,0.0014006186697502986
ck_dd8edfefa1eba531,0.00014671190772321883
ck_8153cdadd300d234,0.00023212926425770974
ck_74d0e7c2c6b63d36,0.8294931003810427
ck_c478aae3031bb328,0.002347478614516006
ck_cf301f2194975866,0.008773551574518612
ck_f4de03f44e3a5bd5,0.005523942703561162
ck_b06ce826e593b210,0.02841976156979838
ck_2fc70b6baf6a0e26,0.0016327279538988718
ck_d208494cf5c90047,0.015073123158968615
ck_086d29ccae565e5d,0.0015236660944347882
ck_d5ef6dc116dee408,0.002494511233929878
ck_fdf0c5b722d83464,0.0031649087616430257
ck_de8494b13adeffb5,0.003732748335877735
ck_556786868599143b,0.017516669572384652
ck_4940e78cbdcfecf3,0.006367907703712896
ck_d32fbbfe32c00416,0.01117374485190536
ck_bc7710f7e9fae649,0.0009587440466562444
ck_416f7ac57da081a3,0.005497725129150403
ck_6fb39b60c67d5475,0.0006762720746017235
ck_e40a156511345d6a,0.0007422422671373515
ck_49ab879b5aa7fccd,0.07958443708479714
ck_bb643194d1cbc47c,0.9974981411482379
ck_b3ce8f1bcedfa043,0.006439925984362538
ck_558ebde8c29132a4,0.005524646333579123
ck_e6222925762273b8,0.17915703519461648
ck_bd80546b4807dd59,0.01745007138161108
ck_bd21164bd2bbb635,0.004809222448228438
ck_ea835557d7043667,0.002868615757263136
ck_1411a80a157ff39c,0.014027130199280377
ck_ab973888c20c9120,0.21176428337667366
ck_95b48972061abe82,0.004802378029211321
ck_fc4a43f8876bf10f,0.09823497331626568
ck_f34fb7ccf82f41e5,0.0032489466155726475
ck_5af9934a56801ac0,0.0025309784416839547
ck_fc7445ec76389a58,0.806370658711546
ck_1eeacc26f02fbba4,0.01495209569653036
ck_4f325dd15c9bd45c,0.02787018998134651
ck_5009a6c8bbaf15ba,0.04614123325227981
ck_0f3de7f074bb33af,0.0030394363279621374
ck_2cbc2f93a32eede8,0.028559971225615044
ck_4bb90a61c21a303b,0.006602727141634841
ck_3ade9eac7d7b0dbf,0.23447280544991633
ck_4859a58629622915,0.01292777436478706
ck_5fed957287ebca03,0.0008839281842730268
ck_ec01ae5351500355,0.000736822988106294
ck_703b41624ae6a5b6,0.0023020728070247674
ck_97c38e7f61c27e47,0.016145734231246343
ck_db2c0908150cb2cc,0.04343357808804161
ck_64ac5e6fed86ab60,0.9484707975065234
ck_da1c853b0a061e83,0.022565686552141556
ck_9a36916b60178ded,0.8964256475432083
ck_3715bfa7fed2c675,0.0020681439056938126
ck_dd3feb77d7d4f6d3,0.0012291189795099627
ck_982ebb24174a4ade,0.0014359283344613654
ck_f6b7a10d47dd9a1f,0.0020847978093813495
ck_1f56fe99f250cdf4,0.027585639570474458
ck_deb3ac0606d6f6db,0.018657272963980336
ck_e666629e5a41b39b,0.0026031154884737354
ck_756d2c13d02b3e09,0.010965078167729639
ck_7bc752ae7cf5d55f,0.004494936421855532
ck_fc0cc4b25e6a8194,0.0010281201304544805
ck_9b2b0e286de78a1b,0.004643340385403827
ck_24b0803447211bf3,0.030531953242298366
ck_82eed68d05a42128,0.00428186067507771
ck_c8a03c516ed5b05c,0.022975369666314194
ck_e914974cee1bccb1,0.005680080309328299
ck_0c533ff2d0f9962a,0.018204640168373955
ck_c12805fa5d970a83,0.028816804018803644
ck_fc2cb29918631f10,0.27108776201756957
ck_c20e89afe575549b,0.0031316265454402474
ck_e1ff9e31becc27ae,0.051933701773889555
ck_18116d0ac08f1996,0.9419935286699733
ck_885a83975cea5e64,0.0015854469236519775
ck_a0c3059a959ba5d1,0.029205956318481014
ck_75257ca7d7da2861,0.029430582987422488
ck_2210f7a0d13bdbef,0.026179374031338104
ck_9cbd9ecf8374f65f,0.0037307863935980615
ck_18f67c00ba21fbde,0.0050482577471634375
ck_2d28f14d3973d8fb,0.0008477584273943994
ck_8b3401b44aaae728,0.0012472096267447835
ck_9d8e9ef37797d3af,0.5021592418393462
ck_9f50920c894f64e1,0.0026267917364695002
ck_4737e0d56c6fa0a1,0.012819645684260616
ck_52c311f29ca3aca9,6.770633378943968e-05
ck_6a4981bc721df37a,0.037485837023578224
ck_823539d936c55fc6,0.0005189542350415244
ck_df5aedb4118020bf,0.9327446101612092
ck_a911a066ff0f7b56,0.03289117364646804
ck_684609767df4a14b,0.04999299163616455
ck_f2350bf355dc919e,0.0077060490355222696
ck_8452b6cf97c65a5e,0.0038892892278569145
ck_084cd84501012218,0.7905463924938124
ck_ace6b72e5bf3e93b,0.06538635086515064
ck_2afdd69094c955c5,0.0448659893577138
ck_fa7d5be26bf7b31c,0.31088544175915483
ck_4b041217690fca2f,0.0464098051890596
ck_9fb8e3d38cdf276d,0.9613486221179661
ck_c1ee56d65a42f59f,0.014990100712456744
ck_fdeaa1cd085691f0,0.05381403982488975
ck_5de33a7a87e9aa62,0.024353143737227214
ck_7476e7fe1ff45545,0.026621295388079908
ck_b0a947b498e47018,0.012562364434891995
ck_e3894ed88a7977e4,0.002049632427817293
ck_c7e07ebfb0bc15f6,0.046851620237504915
ck_3a3daa8b376f2a18,0.000540910445812552
ck_87809324c2675b0a,0.021142763135620666
ck_7eb4f33260f1dcd4,0.012046484686260808
ck_ab9f0e08af030060,0.006660433004582839
ck_5b8fc4a76f340797,0.028687498231445563
ck_0e7bf10ef49aa818,0.01672943389658457
ck_a44462a3853ac67e,0.9983092088749798
ck_2d14bcd2e0fc043d,0.013964684571041422
ck_df1f2dba802296be,0.8977369287406245
ck_466a7316eaf149b1,0.035025951652520405
ck_50df50af592b0c06,0.012787809681362615
ck_5f9e34c849704b95,0.0008321456762022116
ck_7836bf6def26aa87,0.1280490750266294
ck_ba175b1bd8efaabf,0.005173196526160718
ck_1a0aac7f7b94b1be,0.057843530226516886
ck_6768c4b2aa8ce586,0.009639635756580034
ck_eefcf0ed15897898,0.0047505948478181875
ck_7a6cb27e390b6ceb,0.004262355092792411
ck_5275be4e1577c1c7,0.005756692114913039
ck_6bc0e5b8c0b7d2bd,0.02756145514021287
ck_4874bdec79f9106c,0.016735606052222046
ck_a678731156ad7bd2,0.16211329269158112
ck_db906debc36a5d1e,0.01769321394305476
ck_e87897767c612942,0.017626010599047143
ck_45ed5ee496ef8a67,0.006137807168705815
ck_ae20e28f9854f3ee,0.015132988853661091
ck_9ee044b73943a90b,0.008935970253604512
ck_dab34cf6f0626c9b,0.01676256857792032
ck_64a02b7b96149810,8.538273961027042e-05
ck_c417d06f3e94685d,0.0025441330184060433
ck_3e0149cdee4cb294,0.005361591743237591
ck_0e6046fc30f81705,0.006214202202812674
ck_c383aeabd53e9c89,0.012251642963760792
ck_2ef76f1f36e8b869,0.15095420923596556
ck_43948784650bb9ac,0.007301934645135626
ck_bdb966f43ac350ee,0.0330070220184741
ck_5bea0e0ee0b094cd,0.006209669113851147
ck_dff090f03ca5529e,0.0006483065320363411
ck_a4691b57f837d88e,0.005730037377280152
ck_99ee90946395d74d,0.8168674896708605
ck_cc81dbc83a8879fd,0.004372770547874401
ck_f3dc0725621b3a35,0.00077550854948124
ck_1bb212d1288b9689,0.02519224093266874
ck_9e7278fc7679f002,0.037762982927618934
ck_3ded7a8720d7e311,0.003432012222263361
ck_798157bcdb9453e1,0.0014007058582879417
ck_9fba80f56f357fe1,0.001737642934237604
ck_f1e1c8491f16f912,0.005297885065265181
ck_7b1319a5ca2f63c6,0.9869461448151607
ck_124432fd5c92af7e,0.5635502076919003
ck_148cb0c723284dc0,0.01698682611963512
ck_b56c62c950eda009,0.001226226182034256
ck_a0498755cd8d7188,0.00031255419063218055
ck_5379452a9d74efae,0.003286767822634415
ck_6c2453229d608183,0.011656410392394437
ck_f9d8b4813a88c1e6,0.0029507616357986204
ck_c2c7d1e45a521857,0.016422673360857874
ck_4364a83a11743888,0.0030719385476576182
ck_2cdf5fd97ba75e06,0.04375503694070828
ck_71bc01291e0533a0,0.013492431212028996
ck_a725d7aed2a0bdc2,0.0015753619247605704
ck_a9b0c4dbd7db6a91,0.008642394197567226
ck_a4258806a533efa9,0.012671749577426382
ck_905e460591d9a278,0.032555875189679805
ck_20de8abfd8960ee3,0.010948998416133235
ck_252b0a0f1119b220,0.0003010490818782366
ck_95e4bef65c36af1a,0.0018953083885727732
ck_5ab68b434ad53fea,0.0045795576000814435
ck_13677a1957078827,0.00036181048087693463
ck_d251e9fa09e542dd,0.9991068451395128
ck_700cb620f300dd47,0.002294073353547319
ck_39a68c55a1bd3ace,0.08149388517322832
ck_61a59a7944d6c53e,0.2702771300393442
ck_db6d1c6d31da967a,0.004282789776651409
ck_650020c500b1b50d,0.005162076519407838
ck_d812eb6930192793,0.00018100700220528138
ck_92f6ebc11ebca89b,0.03257909280993992
ck_d87e26eb5bc84b01,0.0015130372838826295
ck_66439e697695224c,0.002510008386964389
ck_f21efd504faa654c,0.0025193684987404497
ck_15eed0f5652f0352,0.002128517690484532
ck_bcdbf57d98dc0d27,0.02153603138159478
ck_873ceb8004d3a9f7,0.0372766727278327
ck_70bef9ddd4bab005,0.0010641714438552495
ck_7560f1891d66f294,0.0005117942850226411
ck_f439f16f8693883f,0.0071668576746033935
ck_14f9535e53f9c7a6,0.011126328471240681
ck_5984be472d2bc267,0.16346186610111782
ck_ed01be7504dc4187,0.03521535449013394
ck_dc3d8b5c17b67ae9,0.0060457291073517175
ck_9dc23031b6b494af,0.03224873867245837
ck_fbdac0221bc03f66,0.006979027874035299
ck_863708a99b92ef0d,0.03390359930320494
ck_22b52654776a1ea8,0.6780689497246737
ck_a0714f98001efa0c,0.006864750997794537
ck_9c56114f84e9a541,0.007087641231088112
ck_e155cf506b2fb699,0.0025783019021992826
ck_65ed7e72f24731e7,0.0033113150101696707
ck_822d6e8e43befc72,0.47003384176290414
ck_b1182471d9ac6b26,0.0005200076068772747
ck_821446adc95e6da5,0.005089139160783018
ck_ff182f033134dbb8,0.01637833195586298
ck_9c5feef7647b0588,0.0033015598992451457
ck_df935d8bdd44883e,0.005668485600486799
ck_01eb24c18ad11fca,0.08646187393238208
ck_00d6730134a1eb51,0.009998181365199357
ck_79ba8e85678d0224,0.0031801291053477477
ck_97e3b04a1350f6e4,0.0059735599067134515
ck_74e9747954a46eaa,0.007714386604211472
ck_397d5fcc9972f909,0.03262132451254527
ck_9ede89e8a43c3f53,0.0542185740612194
ck_303b33910d67f306,0.0026435793541877447
ck_3c17841636f6f7dc,0.003408513605491202
ck_78730527f8ba1438,0.06468395992702987
ck_5ee32bc6bb5d1d4c,0.014950058455335155
ck_a13fee8cd925d0dc,0.006900254742126739
ck_6f847263379f2e43,0.013927324273905495
ck_9b9d9e579e7b55b2,0.21904448209385605
ck_87c1d0a79e79c84b,0.010651486444507434
ck_bfc453eabb472f91,0.007506868303381268
ck_978c21bb5fe3171e,0.05554727196545043
ck_dd882323474431d4,0.018440518311839002
ck_533c4f7400d5ab22,0.31255670058791085
ck_5f217bfe28954e75,0.9915297101221707
ck_ae96d35465b3b4bd,0.004863464493219098
ck_512ebe97c0af94dd,0.06956746197431536
ck_f558fe02bb0219b8,0.004578612826795762
ck_84092e23d5ef4d51,0.025154207362992023
ck_17d3022ca12eacd7,0.0018789949797540513
ck_8a8f81bf3558fd9c,0.004389983157147979
ck_0ada6fed1864e7c4,0.012013883462207312
ck_21fe7bc59dcd78fb,0.0010667843600108296
ck_e136e20c1c74fe38,0.0024569928723540903
ck_e7a530e09d113dd7,0.15852820184469704
ck_7cb0c9ded4d63027,0.02948311563643728
ck_102db9615e722c9e,0.02063351886194076
ck_129e39ddfde92eeb,0.0005042447522216347
ck_d730ff21bfd7769d,0.0025125602190291304
ck_54459b45d2be8459,0.002085107278283359
ck_7f1c20319eb60aa6,0.998633417071506
ck_939fede90473e412,0.0018763237538504645
ck_e0f9506a6d5f4a1a,0.0009911292040472536
ck_9a4967cdf49265cd,0.16125955286292973
ck_b9eaf03453ac7d5f,0.0006141200332097089
ck_522477be6376b450,0.00554393099172205
ck_9b6282e3bad50710,0.007284356702264294
ck_a0e3a2facd508e49,0.012225021607142407
ck_97ffae702f7c3d08,0.0005796704010718216
ck_344a95cb7115ec67,0.00261616290958301
ck_1f2760764afa45e8,0.007984117992692328
ck_720cd658d11ea428,0.036741259482035264
ck_04e32ee9834c088d,0.9195170300943407
ck_2bb1389e5e72c8f4,0.01611640716990392
ck_961e7dbc217cfbbc,0.005356347186826666
ck_f3bce4eccfa6d6bb,0.0021129091634077934
ck_e0ccfa0d689339be,0.002985372763271711
ck_98217aeafa0bfefd,0.03301026445484836
ck_a02aeec1914c158a,0.01730426054657255
ck_20a17e8f206a14c8,0.010601495708146322
ck_114c32aad4b6183f,0.043249111388776684
ck_79f5198f0decef20,0.0006636999800472464
ck_2209de229b4c71c5,0.01699995562761376
ck_6ee939b7f396975f,0.0033975138031749484
ck_202f0c14b07ace01,0.017951653577802252
ck_fa24db9d416ab904,0.0016000139510507071
ck_cf6aa24b92c4d33c,0.5245452381966769
ck_45f57fb8194cefc8,0.004011722491881318
ck_d5eb179dc45394c6,0.018643464030943056
ck_efb24be983342f75,0.006705849187200519
ck_245f5d62ead5ef28,0.008858783449086608
ck_15fe2a47fa7e92ea,0.0009465161458468729
ck_b6527a85fd682554,0.016287636190670186
ck_11f9390a11ce9ff5,0.01413468049958517
ck_ffb4d892c5158201,0.0002943050243692605
ck_d4c1da5a1427fd6a,0.03719651039062388
ck_2c041b1efb1c5063,0.007907511169014622
ck_ecc18f40b33be769,0.1571719078182455
ck_0525349f3945375b,0.1385757331106633
ck_0bfe62e0c7eab9c9,0.018502167278362024
ck_b7c37d410b1646c2,0.00450017554182202
ck_4b15b0746318cf42,0.08907065214882796
ck_e5ee006ecd8ff661,0.05420470143957984
ck_ccc83cf66365357b,0.053944120471560386
ck_34a33ffe8339f66d,0.9641209722529193
ck_4e39e3b165edab58,0.823946238462559
ck_1a71f8081ae00190,0.9914037531002141
ck_ed8f1200fc049c40,0.9767718241318986
ck_8a5a57858e8c77f3,0.004446007871238579
ck_fff9fdc2adf5100b,0.9951642066560705
ck_c76f1bf40f3b787b,0.00023719717657503226
ck_1a6ddfeef82b1b1a,0.008616788262564637
ck_478d2667aa9896d9,0.003632858595873043
ck_641c8e7694b21f3b,0.006631012679167304
ck_293581d879f6663b,0.681935517921643
ck_1bfa8abdb22be8f0,0.021382503328194868
ck_05ab5b03d0bf9ce4,0.21961338484388992
ck_35694db37f0cde7a,0.0008635425991914677
ck_fe33eb743d714c03,0.005429361863960233
ck_abd10fbcbaf2b038,0.011093781322177185
ck_46d51648c1bf80e5,0.4014293880958389
ck_5c8390017fabfaef,0.24236561902574272
ck_87d55ca333f22072,0.00031108739779794355
ck_c39c6a1453e2b92c,0.0008120542301438115
ck_69ff1b0aa143a168,0.0001747735995088227
ck_e57c79eaab35ded7,0.002597368895757112
ck_463ae759e2b6ad1d,0.0051272968036006625
ck_0dae4a7eb587f3ba,0.008985783930585694
ck_9b12fb56529ebc4e,0.009365712815741754
ck_1af547077ba2dd03,0.07142094288470524
ck_de13de941bebc7cf,0.00035967482219650097
ck_83dde7da2bf647ac,0.0004304410899007218
ck_c80a94d4660041fe,0.04030000698663358
ck_f39cfeb277ef6528,0.0005361166694603461
ck_1cec1ed1512a2d3d,0.00022128389029993982
ck_7955a359b6448799,0.00034194876751445516
ck_8c0955dad13c3ca1,0.012662695088107176
ck_6d4cd2de601a2308,0.007231194392717519
ck_f4536ba8dd2d551d,0.011948492019844506
ck_b379c198d6db2d62,0.011045314207765713
ck_76ea90ebc74bcdc7,0.016876822327554827
ck_734f06bd4aa92781,0.013854189143962518
ck_677e1d0c14cbf569,0.0007942456712196552
ck_259271c70f3fbcbe,0.025136216215023738
ck_c0b744eb9e7d4eb7,0.020937659828387096
ck_3d41faeb96802f68,0.0011105679821342273
ck_8f604fa70fc3c8e3,0.005464838038657125
ck_0b3c3bea0e0ed339,0.008612930497665653
ck_be5df076b8a86409,0.0009312279182098977
ck_6a475fe324d7d790,0.01674230632894495
ck_3ba3fa5387bacee8,8.914240199800375e-05
ck_324b9939d9c1c31e,0.001522933696184306
ck_a7fcf7b592f68ca1,0.006357523216316969
ck_5b2728f7cca414ae,0.000441936298849199
ck_5f4a25ffd0b85a47,0.02159663760701241
ck_63d4f5076fe4406e,0.0005594945717509061
ck_af528d66c86f0cb8,0.011996173829954439
ck_ac7cdb9b8da7b5dd,0.011556365464696577
ck_3bece63711407e25,0.031701107043097386
ck_d4e0b2a12fcfc35e,0.00042583622584263324
ck_ee3e7c9d3a9c74b4,0.07451073459632411
ck_50d7c4dab837bf66,0.006814039495439209
ck_ebcb93a2990fc914,0.12410737051094312
ck_2329cc9702cdf7a0,0.012125941720662144
ck_db1fa53d588bf99e,0.0035386480744266824
ck_44e57a0bad5a0745,0.011380771748794103
ck_472c81a144f4631b,0.0006208310680459231
ck_1658429acd5306ba,0.015404982872286116
ck_466103ec5bd9444b,0.0345678337688135
ck_9757163e25262b74,0.015033649515874173
ck_34ed59bc2c9b0186,0.002329409699412034
ck_b7bd3a7f263f4f29,0.026230894420010118
ck_149662b09d632e41,0.012601500053753769
ck_a9ffd6b3957bd41e,0.002201395122444165
ck_ab80466ef615e85c,0.0004801977428286821
ck_f2c824d3473db24c,0.02917928363532062
ck_a4a01fd45936b078,0.03926121703489549
ck_8f6ce158c2902877,0.000337765848490055
ck_5189a302cfa7cefd,0.0001633965747732221
ck_430a3d03be588201,0.0010212409084930545
ck_b5f9dd00914b4db4,0.0032497734759491443
ck_52dec82e9cf6135a,0.0019258083570661139
ck_95e444a01e2ab4a5,0.014078463463023778
ck_e37cee7b123692af,0.02850645755705417
ck_d68d42858a55adff,0.022663150035306362
ck_3abfc010091d679d,0.00874208634840842
ck_cee4e4e1b62bf82f,0.0237521547407335
ck_9ccb17c35e636c5e,0.001473469177539078
ck_f72a5a3b0d6c1177,0.0011875854202774872
ck_7508aa554fae6afb,0.06257775878071427
ck_003aa842b7ca1d77,0.3461433894686998
ck_83b2b192f41ee2bc,0.22570884348735046
ck_64796b6b2c3c7f06,0.03347984582508006
ck_6438ae81d43cb196,0.0030040473694482894
ck_2bd73d9098504760,0.03341869156648684
ck_aa8b9b36a099e4c8,0.010274863978772315
ck_e5ece47d0dd10526,0.0018057957799207155
ck_16077ac345472e6a,0.0015525800796844936
ck_a4d6e152b0076964,0.0020418366050093256
ck_d90b1d03ae151f62,0.014636565421237459
ck_18b36d342b530af4,0.00515649331446517
ck_2a01e610348b84f8,0.02719693817378854
ck_0a93ed76bf36c8b6,0.011453715698067477
ck_3d56b477fe2370b6,0.050471604801926084
ck_17ab3068fa303682,0.0011571461860825903
ck_592a3520d841d11b,0.027369560112743007
ck_84d07028b5fca2f6,0.007044407276126829
ck_f4a2bb10afa85743,0.0018992456922518636
ck_4fe4b072f03f2c1e,0.0018847029535359293
ck_9ad08fcc183ea1e7,0.001338630816400989
ck_130d3848b9dcdb05,0.005987499789950193
ck_bb399ed6bf28c230,0.008208819008032145
ck_a31a64a39a2c4941,0.0011866190434588345
ck_c49f25dfb39909cf,0.005178374146607777
ck_55f50a9ae2db8ff7,0.0055968475331044905
ck_09faa4e771cf876b,0.004913122005188023
ck_df520a7a6e405889,0.06062021944793527
ck_8c8c98cc694ac900,0.03838904034658904
ck_7f0c4f609673ef62,0.010393215804144732
ck_f51fe59cd445d2cb,0.002772390410387461
ck_b3fb83f0d772a831,0.015088344241797877
ck_d6e7e257751c299b,0.0012500483412441258
ck_0d362ddb4a1cb6d4,0.005017828936292139
ck_a574a08edaf81781,0.0009659867971520637
ck_a823f5bcb0e4b9df,0.0008476461068959545
ck_f792586ad0381eac,0.02145622412415508
ck_54bfd70022c66983,0.0013159794371923005
ck_fe0a9372c9372de9,0.0014091366770465203
ck_5691cd6fdb6d8147,0.023167491902274327
ck_a95f212a02433d23,0.03721257341906855
ck_f5adad75e1c06731,0.021493178827071455
ck_e09c97520eb0533c,0.04124068236941943
ck_a1e13c0d58560340,0.0005855246651874972
ck_cacc2ca410cbe80b,0.022141921271132115
ck_c0dde2a6ef1e08c5,0.0006815410570776542
ck_a04403073c90ce38,0.0005567154498170002
ck_03d3026107175dae,0.029964109639728034
ck_50176dae5b1b716d,0.0011492396102912234
ck_6c084bfcb38e96c3,0.03475118112678781
ck_36d2be9012f7909e,0.032988704750325205
ck_958acf84c6137a22,0.011693737423401525
ck_114722e12db90a73,0.007134148652553845
ck_203c2a22c0c165ac,0.0028263809541135003
ck_2c44ca550e5cfa82,0.014589648609652844
ck_df0a8f20ab8f14f4,0.031836410665141805
ck_826a27ff7555192e,0.0022469057524465187
ck_09a988ebcf062297,0.15687407891154947
ck_5c82444b3b9160ae,0.007294780546556626
ck_f6a4a7ed27fe76fc,0.022127296638018323
ck_17de46314b5c6a92,0.016094013178651292
ck_335e63101b1e6c4c,0.3700096587764492
ck_c5eefc0697451de9,0.022190268938058175
ck_49a0efb5d4067b6f,0.049381222466353486
ck_c1f4509c8f5dac5c,0.014969663172406248
ck_57658eda1c59bc52,0.0018031524815124427
ck_0d5c0736ec76385a,0.0005213888116562762
ck_e0239e6ae30795a7,0.13531299388993454
ck_e4459115cd8e5e4f,0.00958349059247607
ck_bb4aec09d4968dda,0.04438506328113901
ck_a1b4c96faed3e0db,0.025511062583288027
ck_8247b79ac67aae7d,0.005858167634090135
ck_fe2fc7d6e5d83f09,0.0017060115389464035
ck_f6aea576cde8d592,0.0001455548391525219
ck_b7e7f7d0cd886412,0.05334484652438837
ck_ca7b993e8286af7f,0.3062522747862631
ck_47de038381a9cd65,0.022138986665239335
ck_d38f941d09eec820,0.12320337881475733
ck_d9ba2a6c0d926b4d,0.0020255488462565738
ck_cda72f597330d0f3,0.001619131862916144
ck_16d2d27fadeeacf7,0.0052738578727529
ck_be05447853d423a9,0.00019287865805372976
ck_cd92852d7376a4a8,0.00076614998903979
ck_2faf7ecccc9fec58,0.0002061187616541043
ck_db8733fd92f20cd7,0.006459282997969876
ck_a9989a3a94c26634,0.018907830074653586
ck_957fb25437c75e41,0.0736918724853341
ck_e6a6caf6e7de17c2,0.002901166745944104
ck_f7bc569b37e8bdda,0.00724442969592536
ck_703b375dd86a6124,0.01809233477180053
ck_d3cfb3603f2c6ca3,0.0249406512793439
ck_07cb2b6f2a4303e1,0.014028165580996045
ck_31631e2028d4f855,0.011155296810880523
ck_1631bab0ba1256db,0.016770086972772904
ck_5fdafeaec036f016,0.020742933941034658
ck_6eda4c36aecad602,0.003560032104886151
ck_bd1bf9e3e29de281,0.040612248008225556
ck_bf378ea558a4125f,0.6429894915443763
ck_7aa2deeda0e57412,0.9986256000438763
ck_d229cf7f5a3f38ca,0.004139977136006576
ck_9e109edd124492a5,0.0009210593942736266
ck_779491819995625d,0.866946558264862
ck_b89c6fa2ad0a12f5,0.006244027150879048
ck_1d01b4a609918c4e,0.9689887547079842
ck_714c5d7cb17bc9f2,0.0024509707332174223
ck_269f1746f2609ed4,0.00237411625197251
ck_4be03a2aa62b93c7,0.0009928842946484763
ck_cf920313f6dd28fa,0.003132964693395258
ck_fb00aae4e17740c5,0.004237580367521743
ck_085d8c42739e2b10,0.9985471937170626
ck_c72a7d0d03cf3e17,0.1017134802081223
ck_8f6ca5d3b17eac6e,0.0005123871679289365
ck_d9573100bbff4014,0.2964171466051472
ck_79d6793d1d0cf43c,0.0007796505325449259
ck_91fa5032f7aff0f1,0.12017382910026524
ck_87110d84872c0fed,0.024445907939373873
ck_8220da627e9992a5,0.001527911590751366
ck_2ae44938847f3852,0.003125062116246098
ck_b0f191e44f9b6f35,0.027073180454529385
ck_3049d744b527f4d0,0.002254088474928954
ck_47d3e8d1dd3fbcef,0.015582657325080069
ck_ddf787359d2b5deb,0.0001946514840819348
ck_b27a9e39726b26d9,0.0005745968051249585
ck_80c4e9274cf976b6,0.9900410584295644
ck_c6afa913168ce8fa,0.0016425702760902714
ck_52427b3f8478db19,0.027846397020096624
ck_3b810f15ca0eaa55,0.001412310508163044
ck_0c9e420f97baaa06,0.7904690734011943
ck_f8540cf3a8b2f8c9,0.03316097897966534
ck_1402d24dd623df72,0.003135886301041582
ck_eb4f4267e24d042c,0.0034295743831528457
ck_6f661b428d6fb8e4,0.018155284141962037
ck_519a26ecf3d29c90,0.0015168252623128785
ck_e886ba71d4a6fd73,0.005663697963002627
ck_437f9ecd2016a1a8,0.004093924015557206
ck_f01af1b0c977cc06,0.009309165724391279
ck_614f777c2eb5d537,0.003500517529376305
ck_b804e784cde9af8b,0.010820680594934651
ck_c2dccbc1b24b137b,0.04860543474880843
ck_1df4a1781a0f6999,0.015484793033991888
ck_bd2cdd53fca26171,0.0026434990364813927
ck_424c254249a109f0,0.012086884708859512
ck_cf2ca4f286e289ba,0.09432976632235722
ck_6c33cb15b0d8af54,0.0015871971956493674
ck_311d395fa9b8550a,0.021050979463797744
ck_9f792e7e721ff7f1,0.0014885785058326355
ck_4c37586080edb7fd,0.0005447901145009872
ck_7c4f42c5397113b0,0.018151261930728902
ck_fc418f53ce4aa579,0.9290541449897812
ck_1ba28fb7ef726ce2,0.007526213760086882
ck_d932f98bf6b83956,0.08363986561169855
ck_248b3659a9239240,0.014185484673579432
ck_6a92cf5f4cf5de38,0.017239676033087913
ck_65519d0fb137e0c5,0.0010752263425598365
ck_ddc3fc99eaba2064,0.04007080011443981
ck_7310cda3bc65a73f,0.0015853727712906442
ck_c01c85bd631d4054,0.001301427536438786
ck_b4954d16b9749829,0.01358593691529912
ck_f301f6758e170d66,0.030097290205712352
ck_9bf95f8c47e7c7b4,0.0053222985919112314
ck_c91b7fccf6aeb4a5,0.04471741825131817
ck_785fa45e86bc5e95,0.0038670599551895277
ck_2a65f1cc23f1180e,0.000984326714416768
ck_a49a2c1f881a3560,0.003552059803618626
ck_def344d68f06d749,0.013727214771660251
ck_abbd1465fc730d78,0.006069002608419499
ck_07a5610ed28162fb,0.0024471599270734106
ck_7ecdee2d7127be8b,0.004862006377017221
ck_67858bc00e81490d,0.00017976115725154497
ck_b4ad165ace910222,0.0049544378557107175
ck_30753ffe481a1b8c,0.6927281503687905
ck_c401a26725b17177,0.00028193743644374855
ck_819988d8a7f26415,0.002258384422175465
ck_3364a1d9261b3638,0.0019063772014257607
ck_c484c5bda389bf20,0.0002637973925780171
ck_ae416325fef92c9d,0.9703274834234273
ck_5517b9a865960542,0.001268637307081111
ck_a0e96fed380440b2,0.005869139590949677
ck_e83409471d2b0b44,0.013165784845665435
ck_127273af97d7827d,0.005148895221857466
ck_aaa9861c91bd14dd,0.006953426319938512
ck_a378c58294001a36,0.9576600634457842
ck_abb9d65ff1f95b64,0.06007613804047438
ck_a5ecbefa849ae569,0.018374788619071967
ck_aa9953c0ca2bed7b,0.00021398454003600597
ck_40bc6de252865f32,0.0013944797706403691
ck_9fb11688dcfe1513,0.007205846347615883
ck_ba68841ca2ba073d,0.009134327100898803
ck_1d3e561a7d20be0a,0.9888713122670273
ck_99a92d710a29c1d0,0.00076810542019288
ck_ede2e887697ffac0,0.0009797306864078338
ck_e6de67c0d82a7b83,0.019679905698079314
ck_6b38763bf5ddbcef,0.0075729229882655616
ck_8dd44eead7d765a5,0.011555567704552704
ck_30bf5b0056eea9e9,0.08888236857851295
ck_2981d16f8a51a8ed,0.021642609865523188
ck_fc60f42c68c7024f,0.05351378864937308
ck_8e2b2251ee224aa4,0.011416280928910791
ck_1906f0dfaf6e9bad,0.42129759318450094
ck_dcbe6814fc4ca0b4,0.02404982317169076
ck_f7e958a286ae3b57,0.003055577820984886
ck_713649668a7ca824,0.01092301635633207
ck_6f73cdbf9305e2ea,0.02203951950865481
ck_dd1c490050cd9051,0.0144250501319319
ck_e30db36e376606f7,0.11433648605465685
ck_740d8fe8028b5a2e,0.007157562958422565
ck_ebbc9418cd41f692,0.0010318265789770163
ck_7b3cc6cc3f250f39,0.002443748696438368
ck_1d30eef7110809e5,0.15773197264184638
ck_77e0589ab339ca66,0.00639003917126436
ck_15ccbf8ff7d14086,0.0036840504382285155
ck_246989b0c288664f,0.017829934536206245
ck_fc2a6e27b10b10e9,0.0007747724881559826
ck_8afc1112c12f5402,0.0023248132021723013
ck_a76e8d83b9141364,0.02118497361773682
ck_51d3e8dd7465c015,0.0017887968283590641
ck_e7b4016909405981,0.0006912323643513199
ck_e7a3cfb9bf908e80,0.03593242910714834
ck_2bb49dc2388cdc1e,0.0011198109154357207
ck_94f4266ee7871345,0.0037174557474415355
ck_b2c896beec146477,0.0606459450450848
ck_fcf5d4a4748cdd53,0.001456782296426285
ck_fd0483639811f62e,0.1060889118348184
ck_9a21d183524734aa,0.07963003823946349
ck_1df4b46c0a4c317d,0.03263636959756317
ck_638df9e8a22dfe0b,0.0024619951285613302
ck_65acc43a6dc3e65d,0.002621449182677068
ck_7c67b73196e3d0d9,0.005387441864800761
ck_b0ee3a98175b462d,0.0009833394116028774
ck_20fad010969f1abf,0.0015998305411830751
ck_54b087bd873af8b8,0.0060513124709849625
ck_8007824431fa803b,0.0007839316581327141
ck_23aab322810b9fec,0.011702684113049207
ck_c8001bdb9aafc8a6,0.02153474471897022
ck_3a34c3ac83cf84b3,0.0023051942402814757
ck_60187ac2c473a662,0.9839400473913686
ck_6a0ccd7357979f0f,0.027432241724243467
ck_27f20337bef5ffe0,0.029970634806847075
ck_f9fc468915afe49c,0.017927590417658575
ck_1eabc15a94bd9009,0.0038126503181174706
ck_26896c494b2768ef,0.0018950762051813464
ck_348c874eaf0354f4,0.01463850529865767
ck_be9c46acd216b45d,0.0042150945694248475
ck_a3cce46d15cc20a2,0.016238319142465207
ck_70804f60d9704128,0.046200988831388234
ck_a019151ca8e7527a,0.006851645298882429
ck_571133b2aa8ead51,0.025123494571550966
ck_0afa4449f20d5196,0.00264357129712661
ck_4d503c41cf4e5034,0.005506259766197369
ck_d6fb9cc5171e3e9b,0.544566762102217
ck_05ed92a7c3e10e5d,0.017006873581025216
ck_bfb067986660afe3,0.03189757491535637
ck_c1a31690c8573226,0.0010418310094890404
ck_cb88ef3dc1f42225,0.0018036364526542602
ck_21e3b3bd998745e5,0.0026371895622225422
ck_cf52e46fa54e4540,0.0002524862571311695
ck_b72c7ac4208052ab,0.007376680854609466
ck_e6465c56b337e6c2,0.0033276689277472703
ck_5f87eb05d18186c0,0.007905966837929641
ck_263f6c5ff26b5e98,0.0004112831914579176
ck_e0b7e2c0bbe228d9,0.0010794530607674622
ck_b657ae3c146cb7bd,0.00036895712914570785
ck_abac514d8167ea58,0.14778260491816939
ck_024dcab126876002,0.009108360593119624
ck_5d8481e2b38bd99d,0.008229382602715813
ck_edf229c17d25dac1,0.025496424961440566
ck_6cb7c97b72d6b5d3,0.00677600524800876
ck_c96ae2c28086a059,0.018134423027169947
ck_2f241b97c0f8389e,0.003777224011923841
ck_9158bdbb63ee8987,0.001372324279057719
ck_e7b40b60786c1530,0.00574996689679469
ck_66d38518f68e6194,0.00029386191370038746
ck_8c9b57ad2a991416,0.002565166487624563
ck_cc91bd7152d3e9ba,0.014863883659476421
ck_0d846660c7957a88,0.007858525082663608
ck_60896cdac2212bea,0.04098758611967666
ck_dc4db8b932df49de,0.021659344675251723
ck_2dc31db181150e20,0.004845499626785511
ck_2f138fce1171e277,0.006060952874977806
ck_68b8b859a6ef505b,0.018494833462679394
ck_c3fe0c6c5e1f40f6,0.003082495268593754
ck_15886fe84866de92,0.01774741541946311
ck_ea269b35406473e8,0.00024043668314056667
ck_3ce7cad1f69b71d6,0.007122221102875204
ck_054ed4288ee58d6e,0.04531752972423697
ck_3d4913a86f207fee,0.03904239257512284
ck_23ff85f9d2355e8d,0.010908727855016002
ck_d87ab3261322216a,0.00014617141194106043
ck_fac046ce336fe39d,0.0068186032165637065
ck_beb97e498e6cf8e8,0.00524083961577427
ck_1f517e0ebf397b51,0.009429660843527319
ck_0af57ebaa45877a1,0.0062783699902276184
ck_f99bc1732ce5e999,0.029311913898104114
ck_abb056a9deab275a,0.009096999815224369
ck_0bfc394c5faa65cb,0.008552158862449458
ck_ddc865af1dd5670e,0.006757641939483385
ck_68b5542459638b56,0.027681411422458408
ck_0b1d84252c0b46c2,0.0027022016041032327
ck_520ec32c4f253604,0.027427741395884286
ck_79ffcfee599d77c7,0.00789401502185076
ck_eb224c0fd146253f,0.04863316430579188
ck_0e477084434da450,0.020689701416654434
ck_07840bba5570785b,0.05077958360204835
ck_6b67fe8e310ab865,0.010191348103084976
ck_e2a1068c2fa22525,0.010401249851965916
ck_b9c6b32f6bd92a3c,0.0045050624365936005
ck_c1e7d1021ae58f00,0.000784362995813119
ck_5d7801201749ffde,0.02269753420536326
ck_c8806749e263f70b,0.0002774000507897424
ck_c9eeab826781dc91,0.009297952264390808
ck_309a432c160a17b3,0.0034327439255668283
ck_b22e3337b8e3dbb2,0.004516733375052374
ck_79c30169c71b8033,0.8486789654496955
ck_5a6593d954085775,0.0012358514411421227
ck_70b9b79ea1aacba8,0.012283806330447051
ck_63743141ffa11f45,0.008169213494471948
ck_dfd3dbd0d97a642b,0.0057969934578576835
ck_635646a661f05b4a,0.010327833930776142
ck_4b123d6931b6d0d7,0.1461713763389156
ck_f2b0e7a47f442557,0.9637473046868735
ck_1b1df006b81d38ba,0.0021183424780510606
ck_360237c1bd30f4bd,0.00191152490765058
ck_5e84bca0e362da20,0.012339994111324406
ck_142dba210ed2f3b5,0.04589364635364531
ck_a3564236069e3524,0.06134690769843382
ck_cf36d8b070ded782,0.00888739738992398
ck_ddd6625c5eddad70,0.0010299743056032774
ck_ad54292a0b2f44ef,0.04209366666855687
ck_45cd5ef6b359e9b4,0.004406883238825537
ck_982c2392238b7be3,0.35153325187346857
ck_083e4ac78685c3bb,0.026031906453433295
ck_729cc0b46cc2e546,0.10062683420817153
ck_f2b8995fe5402759,0.0012442383372184768
ck_73e24f5a8da289b3,0.08560398459156021
ck_bd85f30c36f5998d,0.05508968190058371
ck_ee4ff3aeadf912c1,0.00368893533642764
ck_63d2978706e193d2,0.01337791487785333
ck_6a0684436a1e66c3,0.3895327143042297
ck_182dc4a2f5a366da,0.000404620605171448
ck_e6fecb82fc2a82de,0.0073779277148860204
ck_cfb06f07394dfe64,0.00011792623464445401
ck_7bbe1dc8add17ef0,0.015599783348609264
ck_5cacad76e02c8e3d,0.9931317952850324
ck_ca68dec0c7df5a12,0.002436081269257796
ck_e4c0fc52c82065d3,0.003252495867592584
ck_f9197b070416f443,0.0009343609483855523
ck_2a07c7021b71cf65,0.02523608210459997
ck_4fa85cebf707de2c,0.0003085293313442742
ck_0063d2a9507467e5,0.006835198046661002
ck_ec986285fff05b7d,0.001975219982094751
ck_279d43303708109b,0.00350427296270563
ck_a406bf11e48cf8c5,0.06109400926424513
ck_064b2aa3f0bfdb6e,0.009985671677800885
ck_95790440bc4bd2d0,0.0027797159125581366
ck_70066eea13b4c34f,0.005061630973695126
ck_19468fe07e26f992,0.9830184724398903
ck_86bfe328e0a533b9,0.8956904703744376
ck_ace3b96c977a7560,0.06064577941849114
ck_642344e5c652d8df,0.026149858988045064
ck_074be35c951ae10a,0.02031652644913448
ck_f14dce41036486a3,0.9968114003423473
ck_5cf67a3a747e684d,0.1091195393684465
ck_f7285b92648c1c81,0.0013106129954591642
ck_bef3193f124fca5c,0.48796455617232887
ck_05c4dcbb45de1f8d,0.0029987785425633954
ck_d7c28eaa05bb7144,0.0032425296683485563
ck_320df984791a1b99,0.00233110195250544
ck_f45bad1606fa00a7,0.007290262542052474
ck_6f81c199e986d9fc,0.0022901389595192997
ck_d0c9633fed57c344,0.005855642547194677
ck_a3c25d6cc7478068,0.002436442657724931
ck_4185506d12cf9fa0,0.0006384984246293391
ck_7a02ee1bfba7353b,0.015303902303480388
ck_1b52590757c0fbeb,0.014173833178950615
ck_a0e5656e1cf9cbf5,0.000785685115236058
ck_ace21f6daef94f6e,0.001964690264404726
ck_646d8d0834782d6a,0.2675778913212018
ck_1f136a4476b5e775,0.0024626138744848996
ck_325c7643cce02da3,0.020685419568721025
ck_9b5e7fe28208f5d1,0.007359509317968821
ck_05d81b1a150f31c5,0.0004897859821527624
ck_0e9ec486bff403c5,0.013576061535277961
ck_ee13c091bc379188,0.015142511590321213
ck_f7a7f8f5903617c5,0.005833276346193211
ck_96c3a3517153390e,0.004382429299928173
ck_538dad7f096458ad,0.020668475145932383
ck_8758fc6622bbb7df,0.025384524258433603
ck_f7e53af3c91fec64,0.008391152435098534
ck_80b50fad7f255e1d,0.0020109116436562795
ck_9645e7adc08631b5,0.005520439687973502
ck_e007aedbf37d6ec7,0.007809667620130266
ck_2951d76c41de2569,0.03705801266854964
ck_9439bff87e616d4a,0.007731766269458283
ck_a73045e96af0e4fe,0.012545032267592062
ck_7b382e533e2e925a,0.030272838925397977
ck_730226c2d216cacc,0.018747711062054837
ck_bdf837d761a7cec2,0.4224908923447516
ck_0b34197335ba3341,0.05109753287147629
ck_49170c4b31a20f5c,0.0006073613604325999
ck_cd553ba6589d8bfd,0.0138175925681929
ck_56b992c6f136fa5e,0.01083192263778167
ck_8beae3d7328fa41a,0.036349530746036036
ck_1a065ea906ae3d6a,0.0015704926107874661
ck_e9e3381d5e0e5051,0.0009013663001028651
ck_a6d4f998dadc90c2,0.972202337288043
ck_d36733da917115a6,0.027367257157530855
ck_e738e920bbd74a7d,0.02164760188866875
ck_af65eb885a51048d,0.00027909976801010196
ck_73f4eb09af29b1c0,0.09185736132794498
ck_8fc641b1750a2542,0.043935609457138175
ck_41b954c7a948c060,0.006746684449871952
ck_25fc3010e8a0f6d7,0.005134536849890283
ck_a2624e0387974e0e,0.04328348513882687
ck_5cb9d7b2329d5ab6,0.020223424063228215
ck_6c83aa1d100a7cd8,0.0678752131624885
ck_67025c64588abd1e,0.0011155287331288727
ck_f5dde68f6f0468e1,0.002830826229793646
ck_46bfb2cfc29a6d2e,0.02073548568568844
ck_49dddb894d33f6db,0.02752093974625659
ck_f738b633b8862d18,0.00017425758159738452
ck_3d6c3c00d854f5a4,0.13023170409735554
ck_cdb8061d8d1a6c5f,0.0030732867193198864
ck_5e1b81848718bdc3,0.01077560240129885
ck_8def763034187436,0.019266285948450586
ck_8f8e4fb9c6190272,0.0015728662428952823
ck_368b968b5f33431e,0.0006929424106283695
ck_ba7e347251ea399b,0.010550838674881454
ck_9075432001a64e75,0.012470007730610305
ck_73c5371635aca173,0.8511882288974929
ck_81793387b38047cc,0.0031701283100401805
ck_0cf220816e320ac5,0.0011587189893209825
ck_820219bb9c761b52,0.06742371222885316
ck_70a932ab39d86a24,0.00032371994631585124
ck_2c4be237a7ed79c7,0.0045542321209294774
ck_acc764b49ef02826,0.1850096452802321
ck_74c3c3452e4e7cce,0.0010329298879260256
ck_34dfb57e5bf31d2f,0.02484116280909109
ck_6ec39903f765956d,0.012968101169219134
ck_5986119e7d81e831,0.010666099621713394
ck_2ddfc948b8eac752,0.41055485508686496
ck_921ff5ceaf40a968,0.07196756257507905
ck_fb3b68b4424b5f92,0.04314416404240862
ck_c3db1b3ad4f16679,0.006840484098848343
ck_124a197be41687f5,0.021642492924417306
ck_c58d9151834f5bad,0.009599791046788963
ck_389607982eb6b701,0.946764687176325
ck_fb0c138c003e933a,0.0008253028877364808
ck_50d0bb7edd8c69c0,0.019911714846145966
ck_c6cb651149dc9a8a,0.0016563018706661104
ck_81e21354e477eceb,0.04603654613455702
ck_7696e38b3e4197b0,0.002882203569503987
ck_586001d3ed9e7fbc,0.0005996546732462306
ck_bba413492dc46f2a,0.007834212267292882
ck_95b894380ad2702a,0.10270704319613073
ck_277621473369614f,0.9995135206247765
ck_a50621b5eeca84b4,0.0006350602895752354
ck_bfa7ba218b988cde,0.0121732627620114
ck_5ea89567dfe78e4b,0.008864754770552478
ck_6c679602a6476ab2,0.017653152502385878
ck_d3885e286b3b11d2,0.02824409537766971
ck_cdcf6671b37c9c92,0.00628409203838388
ck_b5c93e6d34f8d366,0.0007827740669083997
ck_c24f61925dc158d5,0.12221895928466764
ck_cd09375e6c81d2c4,0.013659029551852135
ck_a95afc7a00303a26,0.017836947764409243
ck_8e89ca8b39f3f8ad,0.0017744017277073522
ck_9a84b396aada3fa8,0.02863885935233479
ck_5124a2e415384945,0.05378713001082417
ck_d66bb1f063357f99,0.00932106765408921
ck_0fd9312411b0ac55,0.01386297127993239
ck_ad8cbe6e27e47ede,0.02859319162060812
ck_8398adeaf41f9cae,0.009944635002617006
ck_dcf851e7bb5855d0,0.007558537066443477
ck_9affb0f26776b642,0.0005447710680224824
ck_f0424b3b36bdbef0,0.06299847987996822
ck_66746d1090d6d9e9,0.0002939660139700861
ck_e5f8c8a5824db594,0.00588839530740651
ck_3e91dcc209431984,0.017809651144437885
ck_126a82e8d42e5ce6,0.0013083712995088342
ck_38e4a74ab256e2eb,0.04036539918965284
ck_1225a97fc413a419,0.03618010692712655
ck_9b5ec0f78e160e65,0.000661286560317074
ck_7c5529bcc079600b,0.004568195961708763
ck_29640fc2fe81c251,0.8755103099103644
ck_160e9ba0a3f7c1fd,0.0018252251738887393
ck_bff090cb4ab76b9f,0.0057155520885221085
ck_aa06ed358e43db69,0.0625437711002662
ck_7264486eb512d84a,0.00226175116392186
ck_f5a32e6160b28379,0.011597094791787402
ck_4ba8bec14c2217e1,0.0021743637884293
ck_610815786d729d2f,0.01720843691173374
ck_e267999226b6321b,0.000702180986669942
ck_f3996a3c8eea1ea0,0.0034842950107288237
ck_e9b75ed7567a3f23,0.018644432279356835
ck_d21612d48bb4f7b8,0.0040759283041768915
ck_1f871df76c6a995b,0.08659027641236783
ck_953bd5de48ccd70f,0.8526527616625487
ck_02a9104419a6dbaf,0.02666191595912217
ck_1eeeee651e05d535,0.0541162002141258
ck_e2ab04136a442a98,0.005667362286013347
ck_f0d806624ef3d359,0.0036900295999122497
ck_4b68b38c1b3326a3,0.0016579128608615688
ck_74e60495f8861156,0.013482033720705602
ck_398f3f4cf05c721b,0.0006327705291516267
ck_f761b7650a0c1a85,0.04102319373406289
ck_7dadef33f5e2d94f,0.9973566356738478
ck_6ff6883633b8c7ba,0.0005999783791191131
ck_4d2159603045109e,0.008766384920935372
ck_a38bd07a5fac5c9a,0.0015888471766604053
ck_f517f06551e69507,0.000803189542205598
ck_a7ea00a1760ad561,0.9977615337001765
ck_31fc51d5a3dfe16a,0.007299836744231118
ck_bac5233623b25ca4,0.0018040255438533217
ck_385188ab27784fe3,0.11108667509165025
ck_9947a323bab5cacd,0.10788290297381477
ck_7973edc9f22ee7b6,0.006508246108138278
ck_f97c477986043755,0.0016910810558300581
ck_1a3fd2cc4b4de196,0.0061833671458501474
ck_e18ac29ea62cb435,0.018037546363719393
ck_9720a472a3e0140c,0.002534400024114384
ck_668c7fc7d7e47c0e,0.022334932328508358
ck_214af0806470ef48,0.0022716433459786067
ck_a46c1773f01f0be7,0.0419056508467745
ck_f2bdcfb4203ffdee,0.01504205409802767
ck_40e84e6ffe788a4c,0.012925917848998459
ck_dfc6f5712d8d6678,0.05986607501798228
ck_01ef1036b2e66a4b,0.0007273963525171915
ck_3acfec10eec32f9c,0.014583882017476507
ck_084a85145c15ed77,0.012907616387642401
ck_fcdb4fe2f095fba1,0.10258639791945208
ck_023908db0a193076,0.11542609089109461
ck_fec0ff92fd622253,0.005506257964282717
ck_c009c97d5fafbced,0.16388850511811856
ck_eb9f0c06ee017ee5,0.006030867882059024
ck_d7792b429620fc24,0.004489938964620535
ck_5e9e149a3b69c726,0.01672592474276424
ck_ce927322ef8f651c,0.02598106102444425
ck_b8fd61a8e82bce32,0.9976293406033804
ck_9aafc33fba1474cb,0.004046538509463953
ck_ce81ff9b8b35562f,0.011589314549242289
ck_25bfca1d8eaa152d,0.008182726743370441
ck_170c65860e2a7e23,0.00983583864328653
ck_952da7ca9f33decb,0.008032464188751642
ck_1ebd574406235957,0.006763977967860494
ck_589109a188adc2c1,0.0016190203446204384
ck_f0cbd5383bb07778,0.05380869668290363
ck_242521e261148fba,0.001044323757017184
ck_509cece86a558de4,0.0015412466027724784
ck_0dd7c5925d28755c,0.004157278182056319
ck_a7e669cf1c3985aa,0.013841154178939082
ck_acb84dc2351eeb76,0.0006895557554956249
ck_b837c7dac2a9b931,0.0094045552567646
ck_18eb1f9181f95df4,0.0019533209521719283
ck_b0b9047dddb1ec84,0.48718590220722957
ck_43aa136bdb0a2832,0.22549597848597094
ck_3e47f8c56c811700,0.007981076229898526
ck_77c587d24695ea15,0.020040288333732097
ck_20578ac693ea4e93,0.03629393544866366
ck_b9f6040eebd1605f,0.028599654168719443
ck_ca9d86f65cfdf018,0.0032764840173352115
ck_a4fa8833995c716a,0.00687745510496221
ck_f589f1e29301b5fd,0.003995565144687331
ck_961ddb8ff55d868e,0.0002519359617337562
ck_5662492a54e6688b,0.033335570276286995
ck_ad48826c1c26eb78,0.6394052580423145
ck_621c9ddde6bf2eca,0.008712579826683163
ck_417a3500b2c717b3,0.026711841981303986
ck_c7e129058beb3ac1,0.004643197812553931
ck_ec1c902b9b9b9c5f,0.11397639656942408
ck_317360ec0a67d27e,0.1262321344098282
ck_3e3ea5d8c4a229dc,0.03659741635369928
ck_d11d27de7bf0b973,0.04530918713845417
ck_d37d56e931105db0,0.002109623706815307
ck_4863077723cd6ce1,0.0009204354083342551
ck_479a065d5903e9c3,0.0009685461337475629
ck_e66ae4fd586fedea,0.0007049370540628399
ck_192bbfd0d5720134,0.0009556621179928164
ck_3b436cb29af99f3d,0.008665481079573432
ck_7c7ca54969eed187,0.012944423102582515
ck_826ee896c9f1144d,0.18611982915854006
ck_ba1f6dd43fc8a0b1,0.0051428212479781325
ck_49685deb63e4e8f8,0.004812963166115808
ck_687ab5d5554bfa79,0.004745628396571538
ck_41346ccd9242cc8f,0.00034390640230342007
ck_8f8e5e2b9dfec3d1,0.021416026379826498
ck_94d5ce61a0c50465,0.005134057104125784
ck_6b954c75aad8c012,0.008742264018373594
ck_748af92828c9d288,0.007247340704396469
ck_dddd14091ce812c2,0.004686526805328121
ck_723323f6870fab59,0.00621059108268363
ck_dbdf8d0708cc6718,0.0033147735991859995
ck_f04938570a154de3,0.0033762779783974815
ck_58afa1550b3b5294,0.006859936113627475
ck_3b150afde386ecff,0.011835918168381131
ck_666b95e75d99ec4e,0.9202698190241984
ck_e00332597cf1eb24,0.040079822447457926
ck_9a9e3dac79280d7f,0.015373721220172526
ck_e8d37262e859d9a1,0.01257593142578759
ck_895bb39d24bc1c4c,0.00016082325007033398
ck_b367449195e36499,0.005637299612667994
ck_d23f9a50d1135ce1,0.12636880653604762
ck_670dc4910cf476c2,0.0007537681110686979
ck_3ecd8a5ce65e21ca,0.014255297250756666
ck_8584fea2df4c6317,0.03404563528105679
ck_0789ff4562202b20,0.008581426403757877
ck_749e0e50c3907be8,0.0016070293599657745
ck_c3ff6790cc6d7e34,0.0006835973545281535
ck_75fb7e56432ee4b2,0.0013550375519591137
ck_529fc3170fd11abd,0.02062412050513104
ck_34a69b3b4a681796,0.06908932479087875
ck_255f0e5888ae9e23,0.034434876330420534
ck_65be698386474170,0.0007481396482117423
ck_5eec9ed855c26000,0.000958482160494013
ck_5ab39bdc9610f6f3,0.8808807573656949
ck_1b5b75762f033462,0.0021873327600659283
ck_d3e208671cf37f91,0.9638595022181544
ck_5068ee554ceff971,0.02221004410158914
ck_d7d50fb57fcb2d0e,0.0003315646441509734
ck_ba6e1115fceaa067,0.04676501628800326
ck_d07bfb16a4a7dac0,0.9637710669632416
ck_ead68310311690c8,0.601422501374302
ck_ee53ce862bc9c111,0.007069732740267721
ck_97e56e6037024dff,0.0013633580592821977
ck_80b04344c98ec072,0.012029052920775702
ck_5954f45a2ab45f43,0.01211241230960796
ck_18ddf7e836256e3b,0.015331329753669604
ck_89a1a780144d808b,0.017237617978624543
ck_a7331e8b808c39aa,0.02683314149595407
ck_a1fd0ad03ff9b776,0.01812370968643087
ck_c0cf50eef030b401,0.00016610819264259113
ck_074f20921189e7d6,0.002519607316688454
ck_e2aa7be60794593d,0.034830119775344996
ck_72771757dfb7f7a8,0.013196986310526536
ck_a9cd84a6dddfe584,0.022106640350746918
ck_142c00f9f8557504,0.04934472163690875
ck_221b5d40358230f4,0.0044464922080703845
ck_a2d7a563f520b7ea,0.0034958368902258813
ck_66cd34bc568d95e0,0.025350637568316143
ck_a17128972d3e507d,0.002977105183685313
ck_bda299466bb2136e,0.0309292301226384
ck_2b699066665abe8a,0.00944952903408594
ck_0ac9848bd4ba0c14,0.0007360815015010758
ck_98d2f9a6ba3a3077,0.8226061627768932
ck_a872df31b28a5f7f,0.11494494158744513
ck_7e73e1d44ce82ed9,0.0044757663259324945
ck_1a415416f620d49d,0.00269176939710259
ck_c95c786d2f8b8edc,0.009410873256380346
ck_e45012f22b7f91d5,0.0011884276943692322
ck_aa0b083e2a6813eb,0.013253023287330391
ck_4666232ddbf77756,0.01011815105484315
ck_e08e9c8ec5f23d8b,0.004030010632084614
ck_31d4c0518e5f52c6,0.0016272818541150707
ck_c1ab40638f04cb02,0.006050072766585979
ck_4c1fdd1669c7cf51,0.002082861982637064
ck_11662cc7940ffc82,0.08157593716678417
ck_2e679af24adedac8,0.0007959156969815526
ck_454b9e21b7f25a4c,0.00032104625356642303
ck_355c4f29089731e8,0.8712987803103339
ck_507e40760a24d2d5,0.021829160889365512
ck_0943e0f305078e34,0.9928362978040802
ck_abc54ed7111e9ed1,0.0018138117467761082
ck_a60fe02fc04407a9,0.04129337225709246
ck_244b897bb4d57c1f,0.002228634596818876
ck_8c84fcde93a04334,0.08671430145758967
ck_9eea37d2de633b27,0.002187356813612596
ck_b2cb9e6610eca967,0.004412261823361273
ck_09aadb4c41b166f1,0.13251373512528744
ck_8d94fbb4828ef326,0.0027350072640041534
ck_089e3a07abbe3b8f,0.007136162221198099
ck_dfee9de05e3971cf,0.0013527557595318627
ck_6abf8302ce052451,0.031657894004987835
ck_6ffa90143838a4a2,0.0019908273455909826
ck_325caeab5c7a9c3a,0.001906148054563086
ck_1964ee9db929a173,0.5665907614699651
ck_942b95988a6245a6,0.12338719808673888
ck_913ecdeeb8e21a9c,0.006845720506618396
ck_ecf9794349eb4b3b,0.023858339604738866
ck_b6cb8d6ae828eed1,0.014114889824331608
ck_2f82ea66c4f53b33,0.09360013859963427
ck_6e676daa4855b58f,0.06373117493427438
ck_2a37fef48b44e9c8,0.011785009352632103
ck_3bd12d468fdc2450,0.006495050005905468
ck_1a28b6a40a6bd3b4,0.05967868979903526
ck_61b79dec96d15713,0.00043487323216592554
ck_31d5e3daced93d3c,0.0023287381937263547
ck_e6c8611c0cf233d7,0.0008654286934315384
ck_f04761b4a937ac3b,0.0061815322932171355
ck_38c1c75cf055031b,0.034947692570696666
ck_59a561f3df01441a,0.002971676990021349
ck_04e40f556a5062ef,0.002333156006006388
ck_8409716d174635b6,0.002054319458110794
ck_3019afee83342701,0.019087766063768326
ck_b51a58e7f032c9a8,0.0661939490578352
ck_5043e474f848346d,0.01938837551481367
ck_4388abce33ecd01b,0.6983356037672879
ck_c93def7392f0aff5,0.10885179319013649
ck_72e7b1acc19df820,0.011054448971403098
ck_f253130dc3ca5b3c,0.0029912836860677906
ck_eb264d1b180d4b4c,0.11079668866193576
ck_c2504f5a113433ee,0.004138832609099355
ck_c16ab1e4dafb4910,0.1633888425672361
ck_4bc42878fa180991,0.010603758288831734
ck_1c771a7c78f6622c,0.02971363504086115
ck_d523f0e50a2747ad,0.001525805627390282
ck_9060f4e7ab7a1b0c,0.006740859336749526
ck_6b55ec4e87a5e22c,0.04507820420631181
ck_55fc62a5f89a7251,0.012113878039375173
ck_bd2545c62f258231,0.05204876254692187
ck_1ccdc69d0bb712b4,0.00869386213214566
ck_710f867a3bd5898c,0.001629511363373734
ck_f91d48c40337d375,0.003417320010754387
ck_f76d929541ed41dd,0.08947445017756013
ck_e26a6659c237b650,0.01546304315390487
ck_184983177b73dea5,0.010802607813782986
ck_6d0d081bfa8a0022,0.02413871491149852
ck_2f6e64f638da0f97,0.0007993150157063902
ck_15b93103ccd38609,0.008030916002119548
ck_094d10439b7b4eac,0.00354830743149869
ck_d2ca47180a926ba2,0.0027613444546778863
ck_a69ca7b9d70972bb,0.006067000284455338
ck_68914e67343a7d32,0.0034349513280364885
ck_8176616132458c0f,0.004497914995973782
ck_eee99af3598311b8,0.041755310409549766
ck_94410eedfca91304,0.02416171794116013
ck_cfb11a0a2325bff5,0.0010024617309349658
ck_75217ee144b715f8,0.07688629927366204
ck_d56fc799542299b8,0.0005058308999893998
ck_4c352dd3e7c81269,0.025433697580503473
ck_e23e50e02cb3904d,0.023218444749562726
ck_b921af37d500e139,0.0010604570702950078
ck_82181b935360dcbc,0.9987822459267326
ck_22a7cf3b99c5e5fd,0.009100072222119072
ck_f67ee7910d532216,0.012383446912077151
ck_5f48762a14a0326f,0.0038160354766145293
ck_1757fcb0e6e3f88e,0.08055500395227415
ck_2c2f080ba185016e,0.0486701296563142
ck_4c25570eb72711b8,0.0012350243657460226
ck_a3be871ca22ac416,0.005849294723773206
ck_ab70961e7c6695b2,0.004433228972553533
ck_a1cdebfc42a52448,0.000427767106280555
ck_f1b80b821a20186d,0.022585756513141934
ck_ae668e4564cd2aa1,0.002018475525318036
ck_0e2bc3a5afa439d8,0.13323802991862121
ck_3dc378f37d0b74b8,0.023965229304707406
ck_9f9555197480d1cd,0.002216629139173523
ck_bf4e7d48770a4a8b,0.08438810337511175
ck_614ef655f0685060,0.0736708026948558
ck_04d2ea38ee27770f,0.0008611558275276227
ck_e03a9d8ac94161d5,0.0011971801198849775
ck_d4007b5b26d9d854,0.0005553092295859794
ck_2dd147ce6d61749f,0.008877618725287847
ck_ff45764ea7d6619f,0.00996520028393028
ck_dbc487cb0a6c18da,0.933648068938787
ck_791d5392bbd80447,0.03174857499973182
ck_b4068439c413b150,0.026248401753335066
ck_85df7b7de9700aba,0.0005192434190828039
ck_001e42551cd06e40,0.003365725936257793
ck_a6c02ae50932cd9d,0.0017242064349116944
ck_9fd0be2c018ff5e4,0.0034844077391976533
ck_32a495128395fde5,0.0008938425133488566
ck_b6f2a2fd232c141b,0.013607172514116092
ck_28dde633692904b0,0.03304252783252474
ck_a1a93c5f375f6021,0.0003929965691708285
ck_e3982142336782df,0.020734907412005194
ck_a9812ff3c111ea94,0.024751605324702983
ck_f04062216f95fa00,0.023586872234272065
ck_7c560467daca735f,0.00020359553965113215
ck_76ee10d6e2dba70f,0.06842649814201412
ck_3521243bdac61178,0.00643717744222079
ck_28588fb03b320520,0.04660580313471475
ck_580dcec33ec232b8,0.0018298766222065912
ck_7109923fd7dab20a,0.002665042966942395
ck_7c872c99481c1e9e,0.013439544287657569
ck_46f4e1f5026f4d1b,0.00044649693861134967
ck_00d1ebc31ec4653c,0.043265393095422176
ck_aac70764dde15168,0.006618545026756837
ck_648c03f9aa4e45f1,0.007841977388366202
ck_5478eb69ef912785,0.23175513695464856
ck_79b8523137bb2603,0.02866358287707939
ck_795c49f312640019,0.00014909059608413035
ck_89184bf7b7fe41cd,0.3051939005271689
ck_97d4bd922996fa10,0.03310770646887265
ck_1cef30d08f3a598d,0.0005458466292289853
ck_2f9fd36a4a40a6a8,0.000498260079289939
ck_40780fc0f8d6f309,0.03536681530829761
ck_9083ca9fec2a7f4c,0.004514879942827984
ck_62081bc35aa59931,0.01074573247013535
ck_2e1b46c5fc56b863,0.05059525722518319
ck_3d139692c51b604a,0.07405732760580007
ck_b5e54e22e3d6960a,0.002655892345442517
ck_c0c4be3f44311b04,0.0017132178724090289
ck_82a8bdd2692c2a5e,0.0007053485700278315
ck_bdd2da300b530c5a,0.003709965150121168
ck_ee40498cd97183d3,0.0027300621888513075
ck_70b9274473bd6dfe,0.005066187038708952
ck_473d6314ea614b29,0.006303783166118425
ck_7443d6dca8cd1352,0.0035473001350845115
ck_3b49768b448b071e,0.0021469085130603146
ck_b43f04431c267dea,0.00037865588720420234
ck_4424a5223ba2fe00,0.010467954807111268
ck_819bf3e8231f4081,0.032168125625877876
ck_91d417507a8c58cb,0.17140201135943692
ck_e88e86b19cada4aa,0.021732119601808136
ck_59684167f9c6bf4c,0.06820719088716604
ck_d5f5b0dc97b9dc27,0.025394230100155277
ck_13d1b192bbff8f32,0.004444329693492007
ck_b21d8630387cabce,0.001967439420612871
ck_e4ac22046699b99f,0.004535091000626992
ck_74b848064f2ff45d,0.0016282573701273991
ck_166aa980cc87fa77,0.05807925052059534
ck_98e337806104dd88,0.00024820623210588985
ck_66eb09be007f0755,0.003723361303818739
ck_3ec9b9d8dd7be11c,0.012849779722255213
ck_8b8b9de339d75d0b,0.018717210671063703
ck_6715139e240007d9,0.001865776466957173
ck_a0255ab46e122d2f,0.0004888714516832251
ck_66e81a4190c33510,0.0020466946249777258
ck_5d75ea4f5c9080bc,0.1935496295810748
ck_df69858b8a8b3165,0.004210151090299946
ck_e15252ebd7553422,0.0010114629045537657
ck_34d6d74bb3ed11e5,0.0009844082427887034
ck_c2608f78f6851d10,0.6530040658343826
ck_bb99071e8f58c8a4,0.6397173032404077
ck_06010f0df5b7cef8,0.004567377260439095
ck_8c582eb0f6c0148c,0.001206617629960819
ck_0034d010d28aea78,0.013360198761391162
ck_01c1f06692566ca1,0.006154552868230616
ck_4807726e797fb893,0.010634733917734071
ck_edc9668282e3c8cb,0.009592692604254209
ck_5486768475af7bb5,0.9564196514519643
ck_3fb9813849e51837,0.01648753387185397
ck_861af5a9a9a6d619,0.0013654366011123166
ck_da39653add0f1109,0.0015626184764737968
ck_74a4244eb1f162e4,0.0004759337813442066
ck_9a930faade55b8ea,0.0009596066893816272
ck_fb6e06ca88519dcd,0.007471322153048676
ck_9776cd8263a9f415,0.009568838721169688
ck_b3dd1198ac5aea73,0.003835100474780673
ck_b6675a04df1a4276,0.006938533199319121
ck_5c7ad6e731b69333,0.3398692027596124
ck_28dc0fdbaec00580,0.0419232132450392
ck_8e7a32f7e3905f4e,0.0027789765610788733
ck_8563fed6674afc77,0.0034448923881631194
ck_9a2fcccb82da663e,0.0028794450355404074
ck_6a519bdac0d94527,0.0007739653704649862
ck_a0dab7aa9c4a39a9,0.0018441116637900187
ck_a3ce05e9e5e32142,0.00271164616335436
ck_7a7e40ee3f97c035,0.06724812489562994
ck_9e9a830785112a73,0.030406936268415837
ck_ab1bb02f6b189304,0.05323064905186237
ck_7b8cb0f90fbdc8c6,0.005063474272700159
ck_b138fc249e659e60,0.007842241465066874
ck_e73caa3771ec5e0f,0.010244073855187018
ck_18a55b06ccccd88b,0.010391648582726095
ck_fdcb1d9265d8fec1,0.023578596237440422
ck_e21a900556b382ad,0.007205058653377754
ck_c6bf67470f526771,0.005862411151561821
ck_b568ba3837afb39a,0.00030759382693551957
ck_a2858979dd5645ef,0.0005962414866104514
ck_1da9d40837ebaa57,0.027402473721724514
ck_9341c7959543c542,0.0008815871054976363
ck_c8ad86806b9a2369,0.06358560397849736
ck_5c85d93ecfed4b0e,0.004820457808945822
ck_f07b09879d697b82,0.003231700675874464
ck_fe43da07608b1749,0.01321677768804172
ck_4bca22b5926b9c28,0.0032505022845169614
ck_aba573aa942b1d41,0.007662291551057257
ck_57c14e32fa4683bf,0.0014819191119893281
ck_891530b489ce402b,0.0020983172308742244
ck_5e74fdadb93ff293,0.07593444532224787
ck_14436a409ebcc90f,0.0034767991721526615
ck_00013fdfa0bd37dd,0.004488414145510243
ck_7dbe24ba01316775,0.0917985311741754
ck_0e3f80c1553c591b,0.00666030210253523
ck_3edc45db58760d76,0.004131969928298586
ck_29076a13f539187a,0.44064849361966224
ck_b1e81b58b9a545ce,0.045689725295226497
ck_3f8571d4f7420b2a,0.0400601911675871
ck_7dff6abe4bd644dd,0.5315064105972592
ck_2884bab237af16b7,0.005745252969340823
ck_231e6dd1fe708000,0.008768339520636327
ck_33ecaa7b892e73df,0.00421529539587906
ck_b109ec4c63503030,0.008395480268924312
ck_a7f522382509cef1,0.0013414041248258788
ck_748b3ea941d8b3b9,0.018922544282616104
ck_29f3a1737a2d9634,0.00982649749963077
ck_cee8d42475a0f020,0.002268231019915951
ck_c6b6ebe145a8ffab,0.0017717730576340867
ck_21c99e1d6b881894,0.0006879458144445214
ck_5ad798286384484e,0.005578626528806832
ck_b621b6ffcc7f4848,0.0005441902780742315
ck_ea819e337233475c,0.10824992384087229
ck_9e3896c2668ce06b,0.04621301684148727
ck_501dcf1ead036d2b,0.006824404959033952
ck_8d5eda29a2cffa3c,0.003817099294873061
ck_4d3aa36ff83f1132,0.11944242113846903
ck_8e9faf94e3e6c757,0.00035440707006285086
ck_ce0ec41f96951048,0.06693374185210242
ck_f09165d73ee903b1,0.0029298289164251773
ck_a432b1bf1d3b3d5e,0.6114979015632743
ck_ea618f720ff0b4b0,0.0023711792634985287
ck_7584e7bd755cb28a,0.01308476073004546
ck_e14681aad43e1a72,0.02391370565458993
ck_5e18870d8e30e379,0.012706280020896124
ck_ff7c26a62bda8089,0.0004153141619118697
ck_cc5a35175d381d5a,0.008733755134852928
ck_3c25029e40aa8a84,0.0044916524510770104
ck_771247b5bc16c12a,0.009767615514840502
ck_664b5e02759f985a,0.0010327350089335563
ck_692a9e8f504b9762,0.0002187557080801255
ck_df8ad2deb0a4ffed,0.02263987471187508
ck_eb48c0bcd12ea654,0.017786365975698885
ck_7c77e597c951cdad,0.0057744438132966815
ck_4f75144c6f3b13ad,0.010228371934567174
ck_1bcff399166d7c43,0.0035259201132528274
ck_975c2aa3d4a8c51a,0.00905915586467562
ck_bc6f07b06aaa4ce3,0.0901691284769569
ck_80b072b7f3c7e8e5,0.00926277978114702
ck_471e4018a23b4e56,0.002118312289470354
ck_53cddfba570b4a3b,0.004022387728269141
ck_630530e50764f229,0.019782290055182755
ck_dcef7887a4f1e435,0.03325389705390854
ck_2795921a055643f6,0.0019671461331894485
ck_7456df89f3792235,0.0012655061678206756
ck_5014a3b07e1f049f,0.3971579463322841
ck_d4ec44760cbe03f4,0.008187877928681335
ck_96810ad39d4cb7b0,0.00551396073990838
ck_3222ea25aa29bfa6,0.00026244889882651173
ck_f6c42001b84a10cb,0.061208797210203336
ck_5ac86682385c86b8,0.002702491824746396
ck_4280c33af57eb4f4,0.00045958504027502207
ck_05f79ddd8eefaa56,0.011363211268690693
ck_3a57a13ce032a6fe,0.0023614425438067605
ck_a721f0d635fad68a,0.005863739772421124
ck_a3f821bdf408c326,0.007573835111527292
ck_0ada63008be5685a,0.013119075559429547
ck_8c949bdc6e8720fa,0.07126217236117759
ck_c0d2c56f9c722e99,0.9800679394967743
ck_5d2b9e6e087b8dfc,0.999296921168194
ck_5217b55593a332ca,0.05620115667568246
ck_7a7bb9be5a7e48ad,0.008840013627484869
ck_24cd0d779e866287,0.0011241309426511335
ck_7367917891a63771,0.01809067101058086
ck_4b31a8862a857e6e,0.9766024579942424
ck_81429c4910ca46cd,0.0019383257959384853
ck_b35d803568f82d9a,0.03280939225812776
ck_4b00e75c2d2d0522,0.0005591836898313638
ck_77fced07f6dff42b,0.018919180919538845
ck_3c9a06eb07c300e4,0.001318924701626682
ck_b3867f7f494db64c,0.0003706371185893242
ck_0c45e54897ab34e2,0.02721501811863671
ck_507a6a580ab55c76,0.004855813930244211
ck_291bffc7809f896a,0.0006526849485086406
ck_3753cc5b9d02e2fd,0.0016204947253814167
ck_4f63d5245b3ac1dd,0.012998707057086981
ck_9dfb2ae78659240a,0.034182201689047585
ck_90f6f5ced708aa75,0.00018323087957511312
ck_8b5b5a6b5539e39b,0.7775982292465664
ck_4719112b55d20161,0.030240556514403372
ck_fec888a7108ca52d,0.9976455283581914
ck_4f5d022c99f118b7,0.016100816083520385
ck_e967ff05514b697b,0.03570305555018969
ck_839ce35819bfa4fc,0.0009877476545919089
ck_bdee1221b9addff8,0.009847314782390317
ck_9cde4036d0914427,0.014586549870989793
ck_5ac959cbcc5e98f3,0.0003611965781888734
ck_619842688294dabc,0.010302139459806977
ck_7373d7b04c7799bd,0.007325354742664607
ck_c1dd3feb9a0b6471,0.004812903462505511
ck_0324a4812ec319c6,0.003926751918999338
ck_7f3685aa2933b251,0.0805587460959547
ck_06aee5a62a67a84c,0.09724339653084035
ck_3428910b44b9d08f,0.029093043404301994
ck_c3ba7534cefc1de8,0.0018526639898670952
ck_1f1273a67cbad5e5,0.45034641423844085
ck_124565a11b2f8bb8,0.0069856903454220175
ck_38e46bc861e0165b,0.006311650387612785
ck_c8ad3f01319c065e,0.04237412098527218
ck_3f94a34f5038f7c1,0.9707829475101207
ck_cee56be5a502fbd1,0.1676774364506669
ck_2b90b76cf4d162f9,0.007864900351785305
ck_884b2e463ff1d54f,0.0017417482201451196
ck_fab4f2f8531b4827,0.025536804220843205
ck_4fc6256e0e60a926,0.005210182379930366
ck_0a2f8b2f8a5b6f02,0.0022602320807114935
ck_9c0deab8a8367c5e,0.0006052561442846043
ck_d3a2a4c011fa2554,0.01133399193264605
ck_4108b4038f762817,0.8193335169480861
ck_4df036e2aa7e1056,0.012219624765499771
ck_ec094eb1cbb3efc5,0.004243614531280651
ck_09f8f51bfd2492c6,0.010956243746290164
ck_b60fb9a10d6f4489,0.04165816575471867
ck_3638bc3388dbc1bc,0.21840412510876264
ck_7a58e0cc9943c39a,0.004646435130430633
ck_37dab6a0a536ed49,0.06440983495937562
ck_adc576690df5b33b,0.0073317394579510324
ck_1383b2b1875000f2,0.003303059290697234
ck_43c1248db37a2eb0,0.001625994880983123
ck_29c11bd68858e923,0.0004163477319555218
ck_9401f9e11f65337d,0.001772822086236188
ck_ce5ed372b1a2ed6b,0.11283795787361911
ck_08b4619490e751a8,0.9866552239123673
ck_44b9125526acb05d,0.0023682051725051273
ck_ef1a1de20d2124cb,0.021012215159888728
ck_e5e2624b7fc89774,0.02220785596594874
ck_f5100511609b92c0,0.0010425056950402057
ck_64f3bb17101b7c42,0.004976640137643009
ck_ea1e5b5128ecba2c,0.0056425612640634325
ck_516163fcf04d5e77,0.007378360218380238
ck_7f9a748110d70005,0.002520945148491317
ck_d263b55f0a681cce,0.031809023921400885
ck_0e962eacf98a813e,0.0020686578773077458
ck_0406931800e0e2e6,0.00329589355025617
ck_0e9b982afc88a3a9,0.9976419006296706
ck_8bbb625384edebd7,0.0012575065992734918
ck_5eaeb87bf6207406,0.965060455530768
ck_cc3318839c4b0745,0.0010617466077388572
ck_08a0355d1f1890ef,0.011511751938357765
ck_af7ffd1a822460d3,0.22981809670412565
ck_2a09c7aa870edb6b,0.000620892298236789
ck_bc04f51c23290bcc,0.004930037498243406
ck_d3a8333cb389f4c6,0.002124462406301414
ck_88e3dd3039508332,0.010589288355810371
ck_b8c7771de9b57705,0.004511306958810687
ck_585ababa02383b50,0.0031973606929891086
ck_e988c108754cee9c,0.008478914664231065
ck_4a691892d9d6cf89,0.009170752258869532
ck_7cdce37d895eefb8,0.0011205272434699931
ck_483fb981a1fb4317,0.001358948970320616
ck_c1e5182bd99e0e35,0.04629415111732191
ck_9a1e3ec9a1839939,0.0070681190625935
ck_5c3f13de0dbd5086,0.0047388527704134
ck_f4f6f0caaab70040,0.002703049019534031
ck_791be3378dd7d64c,0.009928726187399864
ck_956dd784525f5886,0.02100910656794334
ck_098167eaf124c279,0.010375588949576601
ck_33ecff7914349ebc,0.0193146659874714
ck_e05d44e46c7174e6,0.002139623642987415
ck_1b2ce474fa6582b4,0.024590407917980932
ck_ab581082e8f72e3d,0.0028720522231936627
ck_e63256667aa19070,0.016130389108655534
ck_f568772b6cb3febe,0.014750497662084196
ck_dd89a282375bbab6,0.06654574691141472
ck_a39d0bca345b492d,0.0038659065227961355
ck_d12d2924d0f7a64a,0.008249709585379244
ck_6a548da1728b5823,0.9918378888537989
ck_6d64193681d2a94f,0.0035946633295259674
ck_ced6b6dcdc7c201a,0.0021512373667878517
ck_d1b0699d26282871,0.027613331536707437
ck_58f757e40a9b8877,0.013545259538507637
ck_3272c2c4a37d5220,0.8480042214737592
ck_d94dfde9e03c9d1a,0.007150329042873607
ck_08a6d4903a7fbaca,0.007311210548303945
ck_6c72a36b05fa0f4c,0.011775431996458951
ck_dbb4bd4eda97255d,0.009958799442281653
ck_94b59bbc824b307a,0.0012120682256320685
ck_0229a07185f15469,0.00473309742623207
ck_11bf1039f8b3025b,0.0023962734149664184
ck_36789ca11459131e,0.027276637180338584
ck_8572c5f5c1447c62,0.011801113552151002
ck_9e75c6641939f4fc,0.007933207937942537
ck_b45e47c39d4dc7bf,0.010347046474281167
ck_02903c48b6cfd65d,0.013777119496388246
ck_b153386f1729de81,0.0021762212793399846
ck_36979996f33498f7,0.374939118510087
ck_3c02d4dbbf6716b6,0.009601556734421654
ck_66c9a19963957531,0.05654897907755419
ck_bae8dae7cfd8baba,0.00023940038729132007
ck_bba0ccc6cd968680,0.01551120889829716
ck_3267fe3aac05c71e,0.04780126917298625
ck_40052cac10562cde,0.006312584184562801
ck_d973444855403e2a,0.0035394964471414047
ck_012519bb095ad36b,0.9977729937588737
ck_ad7c256ea10c4a00,0.1352287162935464
ck_70a60e095e9b706f,0.0008982514727451627
ck_f2734417c0db4ee3,0.0006764805817032981
ck_9cb89cc3178e0172,0.011823232866609938
ck_779cc0f2de4d5488,0.06847487134372428
ck_35f8656bf93e3b3d,0.010164305720690757
ck_bdd8eba728800e29,0.04512544808297161
ck_002cf760d173f0f8,0.00396273035153642
ck_b046067c6ca3831e,0.007685486805884496
ck_a4a42d4bff8af645,0.0018034215544890202
ck_bce253d2396681a1,0.00989738243002907
ck_00dafc060c8de32a,0.022631386808431315
ck_968a99e097ee78c9,0.11790775362941264
ck_66949171b387bb93,0.05105047255900913
ck_ad305286702b1958,0.00033830115202640454
ck_4732da7e0d2dfc7c,0.002027204210944629
ck_17a95bba77217d85,0.028230760982895554
ck_3e2516a3e35067e0,0.004792760019552443
ck_0b615ed566da1f58,0.014487894069284963
ck_d2b3ce1ebabe9f93,0.022526817921976364
ck_a892252e4e0c2828,0.0015797905851324295
ck_cf606fd6ebfdf9bc,0.0006865969706750384
ck_718865237134ebe8,0.0022632418914368103
ck_878522cb775b904c,0.03206100390025824
ck_9ed53de6ef779ae0,0.001395419421317898
ck_3f16e2cd7e6874cc,0.007374636630011121
ck_3c59df37895ead2d,0.0029809361535863433
ck_6821459b626d492c,0.001137352759721533
ck_11c7667920541587,0.0019520878284248928
ck_23a016cf6b98d89c,0.03615613334074553
ck_7137eeb394d200f1,0.012863762763771075
ck_9c4886c5c90ddbdc,0.0037099833211938133
ck_1422a7bf7756294d,0.9909759414593067
ck_7ebc5fa7f0d3b8f2,0.006407366332263444
ck_fcc2059a8d5c41fa,0.09608131985490058
ck_00ff7389d6a83e29,0.013638974549648046
ck_03129b41457795d2,0.009556394098826493
ck_38ba64efa7c38250,0.015432296954600327
ck_57a6b56b09bff24e,0.0038303888269474247
ck_e3b3c5a80a567418,0.001185295862175332
ck_fc40a16adfced018,0.002842405159881383
ck_9d4b5e6b43bad4d8,0.0007103385697634447
ck_61129937ee466b49,0.020432242286079025
ck_74112e47b8629c2a,0.12867706388488698
ck_b4703ee97f94d7fb,0.00030800835916099323
ck_e560f720a988d8a2,0.8886823743755637
ck_708fea345f68037e,0.00041646101764252885
ck_25394c1b83e0b803,0.01926353840274582
ck_17ab24fe914ae44b,0.0007195972062506263
ck_16c501470d9bb006,0.001675544755162086
ck_628f449e248c19b7,0.027950253198191933
ck_6d64190623dea714,0.0020891172352130462
ck_504a45ee08db72b6,0.00563715787206296
ck_6cbb011e0c70bc7c,0.0010747730613817543
ck_b3225a98acd04f83,0.001784695781355064
ck_aa37993f1c17cd1e,0.028874355462120794
ck_558cfe5f77a55a9d,0.003667822996148975
ck_0d0a1a021efea5b6,0.020605337111089393
ck_daf7aea023b7a8f6,0.1369877980710786
ck_d75f25184ece2b51,0.013956671067836067
ck_466d4b5366c50b98,0.00034229285056015996
ck_88f27ab479063852,0.025772702490264254
ck_66779098e78c1760,0.0008716149453105582
ck_b150fe4efb449b05,0.0018109326223854215
ck_9c3aa9f23d01fa1c,0.000578747752620928
ck_6a01c375fc26705a,0.000489404266722265
ck_002eb6552b504ea1,0.0028636393525122063
ck_affa5aa0bff9bb0c,0.014219241145472091
ck_027614eeba8b1a4b,0.0008879076174163515
ck_67e075c982add719,0.00668732921490985
ck_399b0d510be98bd2,0.010851358870482592
ck_e9b0bca7368555ef,0.0005837667870721466
ck_59c29d9c57b4f994,0.04687486607488406
ck_37176850ed68831e,0.0024627771158778114
ck_a0db4ccca08030c3,0.9723213264029934
ck_aa188e5c25f7f42a,0.014833432125288494
ck_7de6997178207800,0.0005249828462122847
ck_c729d19053387be9,0.03502370041613894
ck_f2d3e3d90608596d,0.06549048214460194
ck_2db3fb565e0211ee,0.0007649588613839802
ck_bed8a480e27e911e,0.009665118802637826
ck_d7ad9921a4d25926,0.030362069653892102
ck_2a59f23fc5194699,0.032767469333261946
ck_63601a58a6120d8a,0.014494612092196385
ck_efd7b9e22c6317d6,0.0067038421414074385
ck_9ab42875a0f95b43,0.010637504143413764
ck_85cb5033fca7c846,0.025252601173663704
ck_5249b223000915ec,0.0583985064496983
ck_3efb0e9bf25612c7,0.001752274864621822
ck_678e74532ac19700,0.013618659678873797
ck_a980b296c95153f9,0.0112890604330814
ck_01ac687ce0d696a7,0.04008653807166134
ck_52e1418cf1aa9871,0.011059746067069463
ck_7d28da4f1dab09ee,0.05923493040681455
ck_010d0c2e6c1657fd,0.020447669372142305
ck_b524f7a2e752b9d0,0.004680583628426668
ck_cc447fcc24a0772b,0.8170549009768479
ck_2cb3c99845e572da,0.0019404687022956148
ck_604c710141327a81,0.0019018197057807152
ck_8d5fa65717d2e0c6,0.01673114536362348
ck_31199510b40602a1,0.005628289353930259
ck_49e253ea12f4e922,0.030248906099811224
ck_780738e0d71e7e43,0.0031024939280495764
ck_2cd21137a07fdd7d,0.0019462223601784685
ck_5e021f2a3b66e256,0.037119411470696834
ck_efbc79246e32c66a,0.02370253166911439
ck_9951bd806c13c7fd,0.01972643899204971
ck_7a52674e2806d8f5,0.01698145156427304
ck_1a319e509f1efa1a,0.0008833271342252039
ck_c920901b9a4ba993,0.6922702070321393
ck_b71279e807d0b3a7,0.006437839638208642
ck_47e1032f490bb018,0.004631196146884438
ck_192579ecdca7ff83,0.00622076611689441
ck_b1496c474c4a3239,0.000780718009867249
ck_5e68ea2c5e893cf0,0.008673044602195824
ck_f2ecab85d4693b4e,0.053760265017005905
ck_89d7bfc81c3df597,0.003514790855261735
ck_7929284327667791,0.02031982587671054
ck_494ec63c5ce8e150,0.0071684521537202705
ck_319b059bb2145586,0.03686888590572932
ck_ccb3767c239018c1,0.0009616077551877327
ck_a1c7adfe26e09a8c,0.011258166326740475
ck_0e13c4f73818149b,0.00799257607384362
ck_c285a51ed6214f52,0.0038218893902826115
ck_916784595f028226,0.041994951883469384
ck_6cd8e0196365c474,0.01615783989126023
ck_57b657aba4daffde,0.04473182942514652
ck_562c76a3753fc7da,0.8581625967214709
ck_66cfc1ebc9a513c8,0.0013097582360261197
ck_0f38d4aed68d7d24,0.008203026111098662
ck_d8ddf5e99f7859e4,0.02718269013090381
ck_41bc3efa0fca700e,0.013344851802192506
ck_40799e129fcf42c5,0.0504753609161143
ck_786f079389126e44,0.020721863308351175
ck_bb4c6b713eb0b978,0.013192012635802464
ck_4f01f7eac0efaba5,0.011580452632320043
ck_47d29c01b20cf69f,0.003419175617099877
ck_bf15a1f8d67a30d3,0.0036982375481925977
ck_bfecad7586f65e4d,0.011702931005550676
ck_fc9f16df35190eb4,0.3419084163078659
ck_c09c914e416edd08,0.0415259375057006
ck_c54c5d8e4433b0f2,0.0017068642538987297
ck_1694c28f44480e98,0.010162607676275193
ck_1dcaa3078dbb7571,0.0003036335640986298
ck_af559f990c640e41,0.003315318456173645
ck_9b436162039a77d0,0.04216600473891698
ck_79d62ef181bd0cd8,0.0022127811282525553
ck_23caafc2cd34242c,0.0032669805362379105
ck_ffe2aa26f597e552,0.004371977360349284
ck_e6ffd0754ac08661,0.0003990889945249233
ck_beaacb4a783db21f,0.002892471459770876
ck_9863bff41d24ce9b,0.01185339216386222
ck_323b9cc5c49f8ea0,0.8125166428192951
ck_ab3de3d3e41c2082,0.0016602379701044995
ck_35c93b2924900376,0.001089548849057467
ck_5a9d5f9901e37e31,0.00927571450016987
ck_782b0be796164335,0.006049610273747944
ck_11960b5f1c7a5e2c,0.0010099087095965964
ck_9a66cb13a9884cc2,0.005035633051148907
ck_ba666a425930615a,0.00046385692011544885
ck_40140bef4db73741,0.029397917074591568
ck_e05e91cc180063d4,0.010538525793565444
ck_c7f6f45710bc050f,0.0018106154465598182
ck_055fb9f2e1c8c934,0.0292312944483557
ck_58bb02d98e2b9cd5,0.009604578057808481
ck_d9f8efa6a7800f76,0.004503298554376817
ck_69691226c68fd50b,0.3287220913493846
ck_6f2f0396e5b1c538,0.9972053568534012
ck_78bc3f1d0f35ea6c,0.004186714845149927
ck_2d5a6b6636a2596b,0.000958389624504542
ck_7878545739af0a73,0.0008338456175113676
ck_03c4fa4f3ed3512e,0.0012845501106917101
ck_1a9e51d092d62c84,0.15833527847530854
ck_9f3861940d8d873c,0.005210451811846782
ck_4684fdd61c6a0fac,0.0021238411242141125
ck_715966f86d5c913d,0.001729014108531693
ck_77f293d44b4a3d2e,0.02343738142146561
ck_24dae044dc05f849,0.011810732901074818
ck_00b9818e2064405e,0.014468957443585588
ck_c1c2cb49c3c1b0f5,0.05688527302794418
ck_bed50fc64fbbf8ec,0.004152417493951134
ck_4f6ed5ea5ab7c429,0.008514022427961192
ck_458531c22ec2f9b3,0.0032722068646680925
ck_51c50c4c443df31a,0.372333258887636
ck_732d45bd578dc39d,0.006424818922383314
ck_783fe5bc20cd02db,0.023929708751205408
ck_7f188aaa63d1d442,0.0016840014729538899
ck_ef307a6aee38d1fe,0.9168123899057056
ck_e37196b20968b73c,0.038120182633120066
ck_4ef9de711c3d93b1,0.02566226645041113
ck_17946516d5df71d7,0.009925585376807539
ck_3534be0f4efd313c,0.01776799453467835
ck_29fbabf855cabdff,0.0025605833111262814
ck_191673540d8486af,0.018954136224893444
ck_5f52728d777ff2c5,0.00853847701395515
ck_a045a19369016818,0.9993883525008469
ck_4eadbe7298b15e96,0.013941470028434598
ck_a3a0bd59729fe619,0.001200349818423357
ck_a1e77090b1c6ccf4,0.0035951319235395444
ck_69ab9d4784eb77bd,0.0089485374786017
ck_baa47383ffd50f04,0.0025342510754128053
ck_e35b2ed08b9e55a7,0.0016528517695796852
ck_b6e3af0a5119d9a0,0.06739929627196778
ck_a7c1dabf3869772f,0.09826716494089131
ck_80b8fca67a14e0be,0.2606829011578498
ck_dd9c5f0c42878e67,0.003123942412866484
ck_41ef7967faf5ce82,0.001089577875840883
ck_a93560aa348d6225,0.058257801790468945
ck_ffe91d6f0bd93fc6,0.04687451365717923
ck_fbf630c960194033,0.00981320926201147
ck_497ed60723283c0b,0.012913216602144789
ck_2a46b7ca55239413,0.002572008329163999
ck_1a4e5ace078dd782,0.010859434268577406
ck_616cc31910f5de50,0.004231846042339899
ck_0d65bc749eb42710,0.024032357291493837
ck_2408db62e4395ccd,0.003756431468073163
ck_5d7721930106dce8,0.01194403278406241
ck_e8a6acea22b20312,0.14608043368644533
ck_e2f792fae128b18e,0.08841482858092031
ck_e6d3ce445b86003f,0.003109032786443005
ck_263334d722ecbc97,0.4789027023445304
ck_8c5b29f6666d4874,0.017778091361580522
ck_7ea0bf310fc20c7b,0.9822500561472199
ck_54d463f7fd89ec3d,0.003823289265157228
ck_79e45040dbdd6447,0.015583305982613547
ck_60b4d59953505682,0.5207204960851314
ck_fb00dd5021642507,0.013113730605496398
ck_f409ff994a210601,0.05777902426030035
ck_2ca0020038bfec58,0.30914088339671153
ck_adf84b9df54c3d80,0.021141990594202003
ck_942dbf632591b65d,0.009269090794186917
ck_454a7e4d859a3409,0.0013268827692699099
ck_2139062d4569aa07,0.002637803287762315
ck_e949a0f4df0b3902,0.09542875833301279
ck_bb113e3e6716ed65,0.011941089545291286
ck_6a28ea6ce69cb869,0.24831622920262428
ck_7df9910af2bba21b,0.0026503539718838853
ck_78aa4b731cbfe251,0.0011916880045022141
ck_5839f5cbd8165b1e,0.005641827327479376
ck_7158ad9e58769ffa,0.04436897736840042
ck_acee218cbe61df69,0.010859189988205684
ck_f8dc8473c2772729,0.16772134561805366
ck_f34c93a8173555b1,0.014234812563129612
ck_7cf301d075e4e709,0.0034718652792059645
ck_b87e88ee5512ea17,0.0016998004556244117
ck_bed0c020b10afa3b,0.014018714393086024
ck_ca10102961f99eb4,0.0014185396989776127
ck_393287947b5c8d79,0.016873644243407367
ck_2fe6cac002142f67,0.029915619625710047
ck_79c7f0d29b1db1cd,0.023938627704810544
ck_c735b643d3cbf67b,0.00749768559369719
ck_ea4332c8fe48e2a3,0.005825793471125221
ck_d39864119cdd460f,0.008398325238564151
ck_3b963d6be2773861,0.004203825249622716
ck_df39e3b8a9fd0bfd,0.8323848522611
ck_6236a461dc0d11a3,0.0007640211168911019
ck_475ebccca25e30d1,0.01401052998685798
ck_c10c8bcf5bcd516e,0.05754591867450302
ck_49ccc3716a564256,0.0075172441208892745
ck_4e4f99102f6938cf,0.0024081823365336
ck_a97b481ade6f7972,0.005030335757923987
ck_3fa559c679751b3a,0.007545942872098155
ck_3eba1fd2c7acc4c0,0.27669113781414184
ck_18c179b4afc4fccc,0.002174795572014434
ck_cc1c0b93d05b7d20,0.12255254148916006
ck_742f7c28ddd019e8,0.011951408287311463
ck_04470bc93b8a0d71,0.005058952206726214
ck_6e8f8ef7a03cc6bf,0.007631724302742743
ck_eb1ddfc353b4da83,0.0015900353076997908
ck_98831b57c7ca2e4f,0.00023851040035841175
ck_a6c7b8d6e8596d4f,0.01129709114118367
ck_cd7d24e3b095e96e,0.030416949440857252
ck_3f5ae4673a9f858e,0.003932406776423074
ck_05f375fc8ae0afb0,0.006045846841995571
ck_1fc98436281ee39e,0.0007043411733721533
ck_6c48c58678f64bae,0.0002687810383847252
ck_8c95aeec6a4c75b0,0.0008878838073648944
ck_364cde38958b7af3,0.19993415451241195
ck_85bf21aa1a00452f,0.003680744960294125
ck_796d3eaabc667c23,0.999558797801314
ck_ac449ee0c315edde,0.0031685947529412396
ck_6f9fd15ac6b163de,0.0028094195575562864
ck_4087065be2a45ad7,0.21138451310449993
ck_ecf006bbc78ee3eb,0.33384736472588267
ck_8ca808cc5a49cb5c,0.019678133309273375
ck_94b90ab8b2dfb50f,0.01767670708942658
ck_59fd11b3232de9dc,0.9485064624467215
ck_67f3794d93e2dd67,0.10049673978848479
ck_b7f5acf5df1bb13e,0.007881900592580728
ck_fb04ecbaebb774bd,0.009510178994317707
ck_68ef3e7301c621b7,0.012326629089283869
ck_41406cfa209b6bda,0.0013316465041637573
ck_b0f8f5408662337b,0.005066290637674405
ck_0d2901bfe585c391,0.1533727603294384
ck_3398551e81dbf3db,0.07822500327293229
ck_61c3e3e277629646,0.011041797381573987
ck_2825e34dd3e7ea2a,0.0011532930420429454
ck_20d7571ba830009d,0.003797660073229854
ck_c98b16f9a72a6568,0.0004328625253464786
ck_e7c8a9e4641eb9ed,0.00035095597794702963
ck_254a7c97c36dab8d,0.016547241030363282
ck_e98429675b46272b,0.0013129622057157775
ck_c2fc0ac460786d02,0.02584095897802434
ck_fba15647b3a140d9,0.011811935803440768
ck_15ce50f2704227be,0.020746354858212135
ck_8c748aaa4a4554f9,0.01998943791689955
ck_e00e82a9419ff086,0.0038907909289647366
ck_832341c98254bd84,0.013968261743851712
ck_27466468d06db4eb,0.06712985547781991
ck_9d7b9e3ff1f3e71e,0.0010445420852097703
ck_42c6973d3a6fe983,0.0005089400680860482
ck_877c85bad118bc62,0.03257030635139571
ck_75d2a2715259c4d7,0.10773259653607221
ck_37d3e5c681a2214d,0.7050452301058799
ck_bf285dd49f372de4,0.006082652517234162
ck_a5bdd026fa9c50fd,0.0030028702018910776
ck_88d9244a9cf7a77e,0.3863034026727263
ck_5881b174e49b04ee,0.001805082626775997
ck_5b16d67c5ea89930,0.014426468460673388
ck_b75b936aafac56b9,0.002500734599505522
ck_aed2681e1646a0df,0.09021326023552294
ck_f63cb5e8cc702bad,0.005996645491025531
ck_1805fcfc4a9e4ffa,0.693219357606869
ck_25c355da356c730d,0.0037220522113336992
ck_70396398e4a96449,0.003222701282349404
ck_0f743bd13373748e,0.01875855009032633
ck_4b387765f0e916cd,0.011694257317172252
ck_e971faae8a10a260,0.0010315818505845578
ck_9eb08369e983abfa,0.0005906421860722787
ck_c30c5844512e429f,0.04379570518336911
ck_59e77e3a81f1fa0d,0.004275641290109845
ck_ca4465f2b5c1a52e,0.9949523379816826
ck_c89b9ca398402f1e,0.0004466063512893014
ck_36e72ef9273e7a95,0.0011229817564088458
ck_2bdd8616870e5e1c,0.0008642102011384207
ck_216e87a41de22b5d,0.031525380314358316
ck_60f4fb44f5efe3a0,0.0004931748146154367
ck_05652e8ace6ce6cb,0.001979480071173025
ck_8c136dc691e65695,0.00011164303451446748
ck_a08f8dfadbdca112,0.005118787624353279
ck_bda4041a3e90d860,0.01026216841156217
ck_15dd3ecaa8ce0245,0.8424296971318398
ck_3e3c64b3b7876ce6,0.012166147065720292
ck_46225858a38b2e57,0.001684749821382736
ck_0cb9f54928f4feee,0.02807957191668452
ck_152671fbf8a9a78e,0.0675013271583174
ck_ee7a515e87d17d4e,0.0053433373090704004
ck_f7276091bf513d22,9.908093552726798e-05
ck_4f05daf1cf0d5755,0.00696055336482248
ck_83a69c4a5d55ef19,0.009087604717508758
ck_c50fed2a7c9198c0,0.017029109410126853
ck_70d19d5650ddc8f5,0.003569441648400841
ck_4b4d99e443618904,0.008108371745062197
ck_dca0b6ca93311ca2,0.06314428667263357
ck_b7431d4706461ec6,0.0011893461536684532
ck_7b59d22cadef3b05,0.24111128712197613
ck_53428573abcd606f,0.02696236676188808
ck_f538ab6aecf2adfd,0.00014342570887944712
ck_d321249fb065d2fa,0.06007063082855182
ck_72fdfc7e6d8e1436,0.0005987204807134483
ck_b52b99dad89ecdfb,0.011764800866779062
ck_d2d4282f9d256b3e,0.00524096922187997
ck_c8f2a1dd8a6141a4,0.0012158278116254028
ck_8d38747058d0aeea,0.6809705898938244
ck_3ac528caac74f563,0.0066337959833368
ck_8dbaaa00ad829ca9,0.043507862003757315
ck_7c38ec898f0fc21d,0.004822197813550667
ck_8171ef803f5ff604,0.009486787294974132
ck_01a750db6fc1168a,0.1443039367261916
ck_ceb017baa26e98c8,0.028520711904053742
ck_e2c66c72cc0b0f78,0.012981919712465295
ck_8d9518f64b222416,0.0015938302631961709
ck_804c5a1fa5753617,0.0019698222811710994
ck_fca7cc9c42695453,0.0006951349781516614
ck_3a632cdf2c19051b,0.031269196426841776
ck_b2b63ea65edf1dde,0.023720614195176817
ck_27b07021500ee841,0.017112848730860348
ck_9724718fe64c6557,0.9907112482167464
ck_2786cbc3e75ec034,0.056695074598193194
ck_d9c2622cb6df380b,0.004922022908495365
ck_ae1da8ee98e402a4,0.006522933799972015
ck_62967b91504149f9,0.005312337156540909
ck_6b255bf68709109a,0.0035176274640662647
ck_c55afc68421d85e2,0.0013611788820265397
ck_7c7266f6ef2a8466,0.016089498948433516
ck_885cf685a9541190,0.9209124459052037
ck_1a4bb7d3d2ee3227,0.003483762511679516
ck_b4911c42f3bff740,0.0005702261538902464
ck_66f9f78d4c6a3edb,0.04087462390510785
ck_49bdba9ee1899dfe,0.007057569432238964
ck_79b235d51718435d,0.015264048397876694
ck_d840db8cfe2ef6f1,0.0017026928541798835
ck_610c7bcc1cd7ecb0,0.009658994503351044
ck_cf49b6544aff6c50,0.38282794865543446
ck_de05f97c3d40dd1b,0.037714201946255195
ck_0302f67d75973dce,0.006860700797305105
ck_54c2604c9ca6256b,0.006654085403938502
ck_a1c88c0568f142d0,0.05931890202722023
ck_5d72ff6cc2963d1a,0.00422097971274433
ck_0446920a1004c596,0.0003638353621012792
ck_71044c29ef071570,0.004730348552421433
ck_2122e9bb1afffef7,0.0037857736657665557
ck_d1e3de178601d3c2,0.017112605293966496
ck_bec8324a3587ef04,0.0008082301679313967
ck_b616b6f45225f319,0.0426802494412867
ck_ce1e695884511479,0.03102291422495611
ck_a662b4bf900781e4,0.0006882381103007835
ck_b5a84c5547378c10,0.0002841812808202495
ck_f80af368cfc6cb7e,0.029926191592164492
ck_da3526ab6c5c884a,0.0057126543473268445
ck_bd20be9a3392d79b,0.001667506712655445
ck_b8266dcd90cbfa62,0.001651080361487054
ck_ac84b33304362c06,0.01029913318597197
ck_794d8935a895e33f,0.07882836592592905
ck_8fea7d915259f1be,0.002067031628409247
ck_7a1519ad5ff45312,0.00011187578812314369
ck_9bf3ce30b65f75c7,0.020729442848546404
ck_5f864d72d1eead99,0.11635941768494595
ck_3c48e0cfc2a58041,0.6456736434668793
ck_d902183f80cc81fa,0.01781729643722464
ck_539cb0d117db8cd3,0.14759696928134425
ck_28f530aec8e77130,0.019643567867423297
ck_e7d903c50d353361,0.5115290706553282
ck_d288b77d1e227970,0.035325219972736334
ck_017208fcc01b5d40,0.005416771523183726
ck_7e3923d278a5106e,0.0054820899096106835
ck_9700a00ff9e66216,0.01233778416246444
ck_5c36c78b7a4d138c,0.021099946225847144
ck_c457e9c9224b773d,0.010986714090723002
ck_1dfa91405d7e66bc,0.0054759842307322976
ck_f1d8a2695a575e56,0.006329104996051184
ck_3b92a46daf8d00d2,0.004466038687283644
ck_aab23b5470469649,0.0035938634987341222
ck_ecdd01a391610d99,0.0018905954019388833
ck_abd3aa292f8edb4d,0.012870146052392844
ck_7fc9a0776e1339e3,0.0010583443977094686
ck_c0389ebeb0e65cb8,0.0006083450624076604
ck_48d0fc4f6a2109fa,0.9996247679805461
ck_571dee4f3336c7ce,0.006175860225660868
ck_4cedf26628c84f26,0.03591806354441754
ck_63356762d24aab81,0.005590332958360843
ck_2c5bc11bb7ae5d2c,0.9836833001646347
ck_6d26a152f900fee8,0.005325002144960795
ck_c972b0e781efed3b,0.0006232214753638846
ck_fa0ecbcf9a33d6ce,0.002859929493558381
ck_fa3a766e49dc77ae,0.002978698307152652
ck_7baf1e55db0dc558,0.010845322289113675
ck_e8bc49e6494c1f37,0.0003883975012755906
ck_8ef1d05cc1e53e7e,0.03601099038022748
ck_cef2a485a77e0723,0.0015192683738716633
ck_228a583f23abff48,0.007624365860900811
ck_ac32c6e374782b27,0.05205216450509409
ck_b9485218cef413f0,0.0026865935225636657
ck_7f15503048915d6f,0.0009732232297583639
ck_b62f5144db15ad34,0.030978711003359277
ck_917d82c552f95a23,0.02558922037718002
ck_fb4797045077bc6d,0.0007128800672077338
ck_2cf8a44e041217de,0.009112730523844717
ck_b7dd681eb3d2ee38,0.0011196470155326313
ck_e9e8cacd2fa35e79,0.017337856149981835
ck_342a79f91de5d1fa,0.02731277632259815
ck_2c91f62c05685ed7,0.0072780694187943975
ck_e30cb64302939f38,0.01720085331993398
ck_d0e95b90ba86da10,0.002660954850430061
ck_1774faf414a5d49d,0.7152639268428026
ck_2401e8ff89e574fd,0.8178174737300892
ck_0cd8802264e0a1ef,0.007993893465683539
ck_da84a0dfe947fd3c,0.002067120917467699
ck_c8affb27ba7fb5db,0.008956207684630565
ck_bc7ece8787ca7200,0.004727219472877816
ck_469a0578d05990c2,0.0013641335855493792
ck_eef67f8dea702338,0.014411994702025815
ck_4f490e379e9ded9a,0.0009730955706986093
ck_354379de065a8ff8,0.002316593973456717
ck_5db1cb368bc41ac3,0.007490846000887743
ck_9b1c3742dd6fcb8b,0.002913877968776355
ck_63ce4f44c92d7143,0.04845398236667071
ck_e15e3390f5ed45f3,0.001987020769380097
ck_da645ea91d66aa6f,0.34216786622051504
ck_834ca727df855f07,0.062116232960379845
ck_e1d5ad20c737c745,0.05793981813508453
ck_ff8059ae5fa5f1ee,0.0016083925729139363
ck_8bb9e75393954a1f,0.001000267472521886
ck_4e1757d1347ab387,0.9980120765337626
ck_af3f74b1d75a5d95,0.011876825686981772
ck_6b1ab0742ff04c3e,0.04756938041506775
ck_f56073911c9f1ab7,0.0005852109729566675
ck_51bd5f69b4fe0b92,0.6610644282452584
ck_fc3d95030b81f416,0.00012577880071843643
ck_cf78169633a1600f,0.0005406759218034627
ck_ad7269eaa65c67f9,0.019066467456699345
ck_cc6d33890d47a6cf,0.01522586450326764
ck_bc8f31f4a2ffa1ae,0.0029982060298395737
ck_720776a46e56dfa8,0.011409121915788044
ck_e2d1f212f259539b,0.006427261175374985
ck_eaf6f7082c3db2bf,0.03414583873281815
ck_773efe58c6278c3c,0.006766847450746245
ck_c4a72c09f2fdacc4,0.007468187456325687
ck_8982888dd6611143,0.0046593202464529524
ck_9d5049e195eda029,0.003463378377798298
ck_de58ef6f9fe2b546,0.005873511849040468
ck_c0b50c11e4f5adf7,0.043015411424004724
ck_ddaf228487858bb8,0.015314892763621723
ck_eb2323215ff70362,0.02732460823268765
ck_168c96a1a636ea15,0.013883593847416357
ck_9c46711b14d9eebc,0.0014889868044948192
ck_de8af660806b97b5,0.0009238684050771909
ck_6ab83f45bf16eaa6,0.0030065495569116876
ck_bf2228a052815840,0.00500358246561497
ck_3f943f20a9da9bff,0.0032556651273410856
ck_3baae40454c00938,0.009726422745493185
ck_bc2e771a1d8d2dee,0.033454745437863885
ck_e55f5ca37f30ce8c,0.006091060718215036
ck_4ad5937bef176d89,0.0010659123348066139
ck_126531a9126c17c4,0.0008401647689080761
ck_7ec423cb56257516,0.005274726766857263
ck_54748ae0f2daaf10,0.009171440436452198
ck_ff24776280ceeeed,0.016058679467591944
ck_3c3a1a1365741bba,0.003559896879592359
ck_615277c8a4e2b18b,0.00493766884815707
ck_a96aaef34173aee6,0.05474154157008144
ck_bea56db7f3e930e8,0.005887743906906214
ck_ca491debd3b32a59,0.009510014954049262
ck_d9ea77f4114a389c,0.0004907327230147327
ck_322ffda3332d08a2,0.020687201707136258
ck_c40ffefe4e30b001,0.1215783238018296
ck_3b1d7648d4580bef,0.005745870645029666
ck_23981a3261674131,0.01449988240011679
ck_11667f5b9fac7bc7,0.0003704503283160946
ck_646bb3c7be5f0817,0.00484834215814724
ck_ebd0a45712dcf07a,0.026886036385428903
ck_baf43bf1bd963f9f,0.011756202076534952
ck_e0ca2c819658f6b6,0.998699910889515
ck_f0d6633d0834fff5,0.04935855225666145
ck_91081be0254878a5,0.004131259303389551
ck_1325000bc7f35b5e,0.000662640261617119
ck_c624b9063400fa3a,0.06487857970715588
ck_0ad6fa0e23c3bd0a,0.0551692013141997
ck_6ddb55b1f23c6cb1,0.012606210298312286
ck_dce1fb3acd65562f,0.0022118731694222705
ck_a9aa389688ee5aea,0.005294550665796546
ck_5c5284c45d9ad8bf,0.020701524211909402
ck_9ce743dd3e92549c,0.014740667395049152
ck_8342e08cc2f9bcb7,0.0036691747779597182
ck_25e551a0a8d2fcc2,0.06082178638888349
ck_d4fd0e438c97e0c7,0.024032748768519713
ck_ac7fe1c344190c50,0.018746166616593358
ck_ddd65711b5651f89,0.0008356706258689069
ck_ec7406cb5cbc8f10,0.002711449589937093
ck_1c65e8d5be3b9c60,0.3148808140861184
ck_38ee42f15a573e81,0.0046712820452328024
ck_0e5385c70c6de025,0.008076877538793005
ck_d3137f0f7629040b,0.00431467318869436
ck_9129c92c12e0c8b4,0.001917320028264808
ck_c86520a00e50a926,0.017274724752802215
ck_87f82b2b5fee757a,0.014690806400250668
ck_643abfbd7548d0c9,0.030712909213049564
ck_be51f4e5e6b85768,0.030880351268026896
ck_132c16312f37810f,0.004351188154682862
ck_c78c096ca8cb33ac,0.00029408018108939527
ck_2ce5afbc014763b8,0.02746550572915861
ck_50ed8f4e7ae6710f,0.004205665855635692
ck_5a4eb535c9a11993,0.005911202938144682
ck_9b665ef46d785324,0.0027130024170311834
ck_e066f71f8b296b7a,0.00233899034733605
ck_560bc6017870ab06,0.0025331781021711406
ck_fd78f8a8663646d7,0.0019409184881705218
ck_4af5ec61ddbde1a4,0.015041819902477186
ck_c2ed04a9d218410b,0.0034281011774790486
ck_2455d43bbdd2bb69,0.002637969614285643
ck_56eed7041add49a1,0.5353977684449635
ck_5f0be7b468a72333,0.002840330539741493
ck_19660cec756632ca,0.007188389787254872
ck_fb90408f4892a21f,0.016161780211491825
ck_833a65b86a5d9bda,0.000495377198417029
ck_2ac36e1dff211d38,0.045336110710173634
ck_c00e70606904539a,0.0013328969140829787
ck_ba8affe4b9505a95,0.30584551524764175
ck_0c3dd22587b08018,0.05997734514000549
ck_618c4e5cfae99dcd,0.12371136751911384
ck_c9690baddfc4177e,0.0005139952859054793
ck_59fae092fb0c4aa3,0.010811718784412483
ck_e03b7d0fa0b28f4b,0.0031852637834429687
ck_d451d24c780b5884,0.0035102545801862285
ck_e980d325b8dbb8dd,0.0019123705376933604
ck_cff18e2d8c520272,0.0007994364344282033
ck_a0e46b67e986ab56,0.012597362200575314
ck_3a469039a5b9d963,0.005049078756898073
ck_12cbb211ebd2b437,0.024360029986057224
ck_b8cdd6d6dccc4554,0.001343595745929286
ck_794ba5921cef50c9,0.03479109253321042
ck_2c7667f64edec2b5,0.0034166969635399717
ck_7262b4e0c29c942d,0.004371869771626769
ck_5d818522cbfe2a54,0.030035010017121905
ck_de39c1947fb675ee,0.09034653578389155
ck_c021495606b4735e,0.006325513322366634
ck_1fc03ba33edd9e67,0.05185167405409993
ck_a6fe344bbf67f14b,0.007549141600524498
ck_963762210edc5694,0.03085044722487798
ck_d064428b7e7dc409,0.003077644968529016
ck_59be61b53d971611,0.00803315870360756
ck_ec8738ec663cd2eb,0.007813845455046388
ck_59d086fab5998646,0.005128806851462628
ck_bd32dd3b2cbb7888,0.9993690934378877
ck_ce0166addb93bbad,0.00028972952636047974
ck_7c0fdfbb447cdc04,0.015839887622495774
ck_cb1bd7635968ed8c,0.2927513397377865
ck_66f94903177f20eb,0.006051167158358249
ck_1d7cd5dcbcdafd7b,0.24578402842254068
ck_5e418a7c04437b4a,0.03534171473514428
ck_631ea1ae91ab333e,0.011457632040369209
ck_0a8029e79a5ae7ce,0.011101161682531323
ck_c4cca8278bdad9b9,0.00032328051125201924
ck_4dec3df58077a257,0.0212480070498903
ck_609c249edd88c565,0.006871599959475114
ck_02e5f9cbbbf2f078,0.013375702383396778
ck_32e486859130458f,0.75550149436812
ck_21ed2ea6386c5a07,0.0005426012148389468
ck_1242aa4496576a99,0.005445264816487975
ck_475ea9aa6d3898b7,0.04220592254993955
ck_fe1b1adae3be70a6,0.8019161392499128
ck_c5414d7a8031d4f5,0.001964375345114066
ck_ca1f6f01868e978f,0.0033313357362626983
ck_5eff0208c74ec714,0.008331512083892706
ck_a315c9619a317609,0.029401928834761042
ck_2b87683c90acb852,0.013126159279013866
ck_7cd9f39c50748ed0,0.007062730275973521
ck_16a06d58d71935bc,0.02463508289972324
ck_d116e0e7c19b878e,0.6927764129579629
ck_931510e384b1d0cb,0.002536694689431545
ck_e7651fb87bb24132,0.001579479422119677
ck_88ef9f85948e1a01,0.0010907856478952033
ck_17bf38d51115a8f3,0.004673130998149672
ck_2659d1d3762a2825,0.004374876570567148
ck_a7285955e2852686,0.011691842504907691
ck_f2c33d5b65b321db,0.04931872987701013
ck_83e5979334345622,0.017263472298027886
ck_629537d8b4d0f395,0.015956622710554983
ck_72022008a92c9386,0.08483829292938799
ck_2973b8274f0bf69b,0.013173056630315953
ck_565e3418d2f4061c,0.009354314715457078
ck_54bb53b8f8ea32ae,0.9980753020545667
ck_af0a6540ea7a36b2,0.0009847396367900984
ck_888651bfc2c8cf70,0.008895220714591645
ck_1dedcb48ac381a1c,0.09482284872090878
ck_f73273e220296be8,0.016966329362606433
ck_8424bf65223a5a9e,0.0016321572423661438
ck_337b930fd149a696,0.01941835071490665
ck_8a4952de8a123ef8,0.0012537270847440753
ck_884168153c9c0c81,0.0005478277058071756
ck_fdda581aec411010,0.00030204830504893253
ck_2b7cadbc8b180d32,0.9343533160072294
ck_8aa8b9968233a1ab,0.003532098576980906
ck_0af18b3ce015d294,0.0054440316304185
ck_8dde670a735d1e90,0.09624928608778917
ck_62f46226f244139f,0.01363174503018163
ck_f948e8a8fdd79b4e,0.00492317598853069
ck_fa00aa0f3e859904,0.04051307669570626
ck_fc7935f784a4f249,0.0019959857480359015
ck_e7501307c0698e5b,0.012950925788999685
ck_549ed417f2834cee,0.013698690718521695
ck_fb2a35571ec719d4,0.13140596186596018
ck_25822068c86c856f,0.001122488184087722
ck_8f35d229b62c8f23,0.013494907648593147
ck_bdcf049c1e7d0c95,0.0021203235918222543
ck_0aa9db36eb16422a,0.0005891002275040016
ck_42dcf92e9e016922,0.04623458553551918
ck_42341cf31c08c981,0.008381103576801583
ck_0b20bfc515ba42a2,0.01247515306621779
ck_0ec820b670d48098,0.0011737837337010579
ck_1f0bafec397da8e4,0.032919269708208125
ck_82f07504ab59ed33,0.027547031807617296
ck_337b24a474010abb,0.9975299996727105
ck_703703bda38fdcf8,0.003758098322081911
ck_01e7960c63dca3a4,0.9466518217436373
ck_be5bd81e3715cb8f,0.8455891488869214
ck_197f8058cea1fbea,0.000381975849327245
ck_eb3fb1106f2f1b21,0.03692635910247025
ck_658b4b54be09a4bc,0.9968982087046463
ck_266ce7ccf41ccc50,0.020781138717864103
ck_110608c3b03d4038,0.4175701578134663
ck_1be8cb95d6d9bbf8,0.00026141045976092145
ck_8e16a64a776afa82,0.17336876472325027
ck_34bd190d37eda534,0.04695156678763337
ck_4f521611ae14ae66,0.0008997918128046369
ck_d839798f9520363e,0.009345186498307524
ck_d1bbfd246c0ac9d5,0.02446786056089531
ck_f19030e6e85a6776,0.012415776467910719
ck_cdabe60ab59f9d5a,0.0014687081388903966
ck_bb84b2b30293f566,0.4686960612950308
ck_427b91925952cb40,0.053817249540418076
ck_1078b1e155b5b640,0.007761139165760017
ck_95fdc264eac72fa0,0.0020913661545448824
ck_e35eb857c61548b2,0.6160605558010087
ck_69bd0b1abea7e1f0,0.2734487889216545
ck_59de511b20c842ba,0.04885276526924575
ck_168e7ea341a36b80,0.0010402916481866411
ck_4937cfa6526ea138,0.025612821666495044
ck_bb1a981306b750ac,0.16301861963827316
ck_f42a43e4c3f34ccd,0.004672472009818955
ck_c7ae1d4b3ab38185,0.0063996373256889685
ck_bd23cf9bba1dd33f,0.019027085954552003
ck_0fd826fad7ec7cd6,0.012122655663313825
ck_f143641bf3dd0414,0.022126147862689235
ck_ad6d48c20a3688a7,0.0026894494810396443
ck_7bda5b5b927b2905,0.07481694850217872
ck_a337eb38eefdcc88,0.10286577999074174
ck_403da2a2d800df9f,0.14025682516646268
ck_aa01d5aafde73d0a,0.00045333286620939986
ck_494954023f0eb309,0.018478432179905083
ck_1c6820fc38135ad9,0.004223116940912261
ck_0e0bab173622db9b,0.09081718830113661
ck_547090bf35a3b243,0.006062727781409582
ck_d69455220b21dc9b,0.004315648036186706
ck_90b4ac695b9c6bf7,0.0029758979826720205
ck_8d2afe17c0082e6a,0.011586367385220774
ck_926b81c0ba528eee,0.0025555065592476156
ck_ce36b0c287bd198e,0.03575494402397907
ck_8026e017909aaa6c,0.0015517115895001745
ck_dfba788f35d4c372,0.00373401292223121
ck_f09f9d0e0886e0c6,0.0021183596520345568
ck_4ffe0366df388604,0.011516195924994891
ck_75bb521de55644c7,0.0018985927039951844
ck_81a960fddf79ecf1,0.9572492806845204
ck_8f43459991ea511f,0.003048808016068536
ck_f878b68d66fbfd4b,0.0009222912788941403
ck_e84abfc0c747c9dd,0.9476448779135959
ck_3ad3fd3cceb56b66,0.9696051095337547
ck_7cf562578c7f158a,0.0023856309821337586
ck_f81a97d350397306,0.012567086185709812
ck_255d87b7fb40caa5,0.026958742843147306
ck_b3905153b9eee924,0.008236782069350785
ck_2c80a592fb4cd6a3,0.0013550543130438125
ck_57deb202d4188a29,0.004648885830330873
ck_e3cb5f31d8e94448,0.9704148578672335
ck_0db62d5f7f75f80f,0.0067511029337731536
ck_ced9163ea85589ea,0.07189191325257929
ck_e16528edc694fb33,0.9670851481960773
ck_78cc5ec4940fec3b,0.0016858910380002923
ck_31742076e9a998f8,0.037512989437921605
ck_5ac335f02280271e,0.0336365931675892
ck_7cc2e091806cfa5b,0.012562289309967943
ck_3152c7115257f084,0.004766325536334537
ck_ab1b9d019921bca7,0.006019566104198332
ck_c33a762d98f9b290,0.001038677742371828
ck_b16a7c51b6f7a6b1,0.07894740167802919
ck_97402a153348e68f,0.00236690154427881
ck_95391029a21caa24,0.027047857632160544
ck_c2015a1200971fe9,0.010951256921605071
ck_ed4427962c68918c,0.9848770789163718
ck_c5e4a17d3efb19a4,0.08663705093934039
ck_8aec3d3dd51517c2,0.0010841795147588614
ck_f5178a658225d8e4,0.00034712098141447494
ck_8594f165e95316d2,0.001221522579410159
ck_f0c4aac04076a6dc,0.004069935247819608
ck_ac2f7397801036ef,0.010400349516688528
ck_d1ea4bcc407c7d5e,0.004497819923684172
ck_cce8b6657a538fe0,0.02096662387874572
ck_66d0c6d6b67a8d58,0.00033785063572072915
ck_1a6b30320835e57e,0.004430387552276485
ck_8cd274cc85aa35d1,0.03033481270623965
ck_ada46085a78280e4,0.009434989931955589
ck_ce1b06623e4a815e,0.0002459383802781557
ck_45e70c8a9686580c,0.05985246003849356
ck_0084d8ab6b1044f3,0.001680377332938018
ck_a5f7b6fed6df2aba,0.031854080412646896
ck_94940d783e7988e6,0.0049881111909646355
ck_00f9ca84d1d8ae7a,0.0012302200018349508
ck_0deb56f3f6452818,0.0017181725784278193
ck_a58e900469dfc3f0,0.010871103736874251
ck_028c41b195280980,0.003643254636307333
ck_7661d7ceaeb19f97,0.006628888002060567
ck_6957905a65c47879,0.021579564341046787
ck_f7c6c26ef3c4ae06,0.006991010647263721
ck_8777beb11aabd66d,0.005002545066231312
ck_7db098a17374bbf8,0.9810720670555758
ck_66aeb00e44486cda,0.4401650499791334
ck_838c52cc1d315ec3,0.014408516650830172
ck_1745847cd4e5dc83,0.04646250496618503
ck_201687857ec8b3cc,0.009751086868089148
ck_81818169208a8cda,0.0052836020951929005
ck_3303fd3f64632c7c,0.10047437591748308
ck_edf1096809e83ef8,0.0007498804986568493
ck_235ce9603c7dccbf,0.041266995109783274
ck_9df7e153868bca13,0.002419615531759453
ck_3cfeade2cf270fee,0.0048787516050195785
ck_982b0bf2e2b6c4f7,0.002107109258435996
ck_faeb0da678bb86c0,0.000626124613733378
ck_e86ad2fe815b6ed9,0.0035673382903949695
ck_70d69e5d1bb99e85,0.007780605142294852
ck_7e9a8924eab779e6,0.9949526692660084
ck_019d5891103e7da3,0.003385062937161913
ck_14f0484b3817eda5,0.014562781099777761
ck_85de63d278f0fbae,0.00047333284420126567
ck_ae91b4cff57fb3bf,0.08039149436152569
ck_2a6d43b9f883b78e,0.58474152812671
ck_7a4e3d553e8ab5b7,0.0864525056265628
ck_fdf89dc69f700f84,0.25345292800136643
ck_f92e04024bf13558,0.0009475349938771306
ck_4a522ca2dc4831a0,0.00021429171522068836
ck_68ba25dc3385fea1,0.0394297637027833
ck_22128a4f0d033422,0.023019012125504192
ck_5b52ee0a13c71590,0.002334849076711986
ck_59472d17debedafc,0.005697246930813936
ck_9dde2c63acda3ba3,0.00623049143537249
ck_7510b1023cd08531,0.006289535071919234
ck_071ddaaf2e4e3671,0.000593823862313499
ck_1355db6f4010232a,0.0058868569521988165
ck_0a7adc2f27f98510,0.016389025132124597
ck_68250033717cd59e,0.002975062477181014
ck_7c12de74de30b788,0.4885176422566509
ck_65491367584c730c,0.010513915697979784
ck_e9047964952bee70,0.035226434690337406
ck_5567779d6ba184eb,0.021987865438469794
ck_d6ea026357ec6477,0.009946114978713758
ck_cd7dcc884e283746,0.06250951628054087
ck_0bd77fea8ed75a15,0.006371056439207706
ck_e80883208e8d0453,0.010796194863490323
ck_2ad0ecbacd5acf8e,0.9875567210648849
ck_6c1dbee7e8fdd5c8,0.0034875395062189314
ck_ee4d9a7449515908,0.0016066938172006953
ck_636111f7f030496c,0.0062943211003998545
ck_2c629c657f73941f,0.0036380395194720552
ck_c1c9d3842d758420,0.15847304369202633
ck_e4df7faacdfe8c40,0.021006338587168088
ck_94e8142728e44380,0.04256123953249761
ck_765aaf42c5088545,0.009274945573611828
ck_e0f845159b6e6a4a,0.003959458856333103
ck_5bc07deb82edbad7,0.0007378526453062376
ck_713159c5c6a7a4d0,0.999107610036826
ck_b08afc91d9ca55db,0.029274862918590553
ck_a7bc323ffed2ea97,0.2223324914561294
ck_85ca825f905a34a1,0.01163102722657891
ck_33160c443d4b3f19,0.01066242339432862
ck_832d39c590a3ca75,0.9029955896916079
ck_7d1661a34164406e,0.9985332820877183
ck_c2466fc40fc9d5ed,0.9973294917472999
ck_ed0e776c0926ce67,0.08229358178666958
ck_cdd2ebeec75bfa69,0.10913022344819497
ck_d7877684c7923ec3,0.002624721480493289
ck_7384d4d2406aabf4,0.006075428220135415
ck_b8e5244e650aa81b,0.028054328630543524
ck_25a1ea40b2d59254,0.00032687781286839943
ck_b9e5b318ee4de68d,0.0048892654445594754
ck_620d7ae27af83cea,0.005208621443887093
ck_40b4e264d1a12b83,0.9959997621041348
ck_b694c803b62862b3,0.0066716279852489626
ck_cbeca201dbade3e5,0.044392484167723574
ck_f9b439c9161c3e52,0.001953687818812946
ck_9880410fcd10a28e,0.0003349249291019156
ck_74928f5f91aa12b2,0.09527241540770381
ck_b6673bbe61d2680d,0.00803074018796508
ck_53c8315b5c30acb4,0.0011612569561933175
ck_78f01d78ea79642f,0.007878619368381783
ck_8582490d6e365a63,0.0161223387581395
ck_af25c72d16299258,0.0009793925769818015
ck_7905fe8e257b0449,0.09012693469749693
ck_0d16d9349e4a9e08,0.0026501604253326588
ck_31b16b8848584e98,0.031330282174905646
ck_67207e3eecc02d76,0.015747382904571856
ck_e6b95ff91116a592,0.004421260674733674
ck_c08f622bcd6de6e7,0.01580999394294459
ck_f9a68da9e0f0bc85,0.0010640448375745636
ck_4072b59388976896,0.004858341380264816
ck_8ec86e853ad52828,0.08914027756456076
ck_4fecb87eaffd5cb5,0.0023920393309704575
ck_d6880578428b965e,0.09813377493647348
ck_bfc82b3c1c9f2897,0.9107616827574004
ck_c340644176ca03e7,0.02268965122343468
ck_321e740066fb05c3,0.5542658490686518
ck_8929d2eb09872052,0.035031317257627
ck_205c107cec528414,0.6326684771246494
ck_e76db7d2562f9836,0.007891823968877798
ck_9ede51c8434cff6e,0.01115224759590931
ck_492e4b89c61b7b6c,0.010184358201715357
ck_9385f5a1eeebefcd,0.04824579942675534
ck_ee52c7bf88f952ab,0.00506209855381326
ck_d8116c34302021d7,0.001153501464511034
ck_01645ea51972e99a,0.029879939848787018
ck_7b45ed23304a854b,0.011146705470682909
ck_2096d32f3d497ea1,0.06183306449701698
ck_dfbb2056f1ef7d3b,0.004812108851117303
ck_938ce30c864bc7df,0.000791418938593812
ck_ff30dda2c881a4bd,0.7131816423028673
ck_f88c79186a082beb,0.006476472546111906
ck_08c7bb0f9851cb76,0.21392870933638478
ck_2675e7a008e584a7,0.06167167065086258
ck_cbaf8a954281d4e3,0.9903328344492208
ck_8b24eadf6c72b30c,0.7032898876811498
ck_ffc8e3c1377d0706,0.003790118289384068
ck_5b59e859bed5b40e,0.004318906775603669
ck_7b61717f172f9317,0.9820677993432696
ck_e5c30947b732f661,0.030468619691760363
ck_bc273f3ce79f7e1a,0.0018921212194553197
ck_f69e93388b3028cb,0.11869458437845033
ck_3837ad850996ba60,0.005602889112643887
ck_36d78ff3bc033ee5,0.006486289107162727
ck_5e20953547ba4135,0.05222526735322661
ck_258d661e450ac870,0.0068067720608131835
ck_1df66f537496ca59,0.013239236632315007
ck_361f535599110201,0.004242647728052361
ck_337e98c69f6e7886,0.009795292043892588
ck_d3d5b2717cfc3913,0.006301951774114097
ck_b1dba768dbe7affe,0.029078060070177103
ck_92d782bd9ce0d1e3,0.0045738669657162485
ck_26bd0f8898afc8ba,0.0007093015982305714
ck_7916e53daab36745,0.16640509674635126
ck_2caf553b31831a50,0.011434855597977495
ck_c6200734c7f9b2f9,0.9960957589733356
ck_cdc55623cb16e6a9,0.01139337366746034
ck_57849e15b61c43b4,0.00156774519630248
ck_b7af9b2ee0eebbc6,0.019727718174837466
ck_00aa5fc3b3bc66aa,0.038086728204333
ck_9929723f65636c7f,0.9936800476505149
ck_8f6cce9f69912983,0.017800978622866212
ck_c422ba389ff00781,0.0009694598591795693
ck_9ec7f334604a228f,0.061665446350564666
ck_5d01200ba3341462,0.013381651506503804
ck_2bf10be403849c9a,0.006590280886170491
ck_6ca018259f70858f,0.008143107493671219
ck_a54dc042ebb7c766,0.14447331688152795
ck_79da63fc100830b5,0.004585114954638612
ck_67ab6f9e05c85085,0.009450089157054694
ck_fa80da579ea9afc0,0.006864291103438673
ck_4339f86c87289222,0.9493991869921122
ck_a2299b4f530be0d6,0.36895703326489304
ck_19db0bf788697c2b,0.00410915831895977
ck_fa4211c4d826d830,0.00017429216528055554
ck_96100d5e8e051e91,0.005332297882769049
ck_5c3a671883d58b3f,0.00044887700916882947
ck_2d9524787cfe1ab3,0.1606023432694805
ck_47ab8e51e5b3a2d8,0.0032253736086415075
ck_c924f36bc1bbbaa3,0.006842495377612212
ck_5c58e7f8fd55e26c,0.000692395570243027
ck_a07e7409d6d5aa06,0.01221527827910463
ck_c8413898f5f7cb7d,0.030727570819780725
ck_577c816b41cab002,0.8393755148176111
ck_9f7807ed64cdb728,0.018328308419785274
ck_495d814d6d6d521e,0.0018588807242728266
ck_7aa8bc018c2b003b,0.0007518173977889824
ck_7c3a6a82f3c3241d,0.002748915473664811
ck_487f7fbc290e4ae2,0.0019449265798283776
ck_e556c4d36aadbe03,0.004802678603093147
ck_7e6569a1b2455cb0,0.00027122873911987884
ck_de2924955926d046,0.026846828623159624
ck_73d60b4630e3937a,0.0007817589612151
ck_805ee564bd35ef15,0.05066144581843712
ck_0d40961e47797027,0.0005974515326541786
ck_f06d00a4f9c87d80,0.000630793442216989
ck_5ef50fb07b6737d5,0.0250387647173835
ck_16541fc15683e21c,0.0029608701403800383
ck_09fd43f1b7e2eca2,0.0011515186569852013
ck_2a2c336a69b8d68d,0.041237200159849524
ck_2685f38930866af0,0.02153705522610523
ck_298278a9da874437,0.013386403768495696
ck_00bd7803f2530c68,0.004248968491446867
ck_c2b4a1d8c0b6c1cd,7.231025820688917e-05
ck_2acb54ca20c3af6c,0.009752717249773444
ck_e3d4b6f681c783ab,0.014583980415232914
ck_f90293f1eba5d7b6,0.010937126083731449
ck_e69d27e8965df0be,0.0030837603697701165
ck_b7f5d10b427346ad,0.001924563336510527
ck_1ce20e4223a936b1,0.006636269299662076
ck_6b97d1ab90f6bdeb,0.004510163626600888
ck_e30e17db5473c7b2,0.0006261345352287444
ck_154c8efb19dee665,0.012752422453200754
ck_6f5bb0c930644cae,0.9993101121379869
ck_9e17699baa83d173,0.00043513416556196046
ck_9693b1eb70880205,0.00471210633492918
ck_1e97899875bb427b,0.00505317253799509
ck_558a82590f65df69,0.000681080123297206
ck_18df83242ff3cdbb,0.028193928102904577
ck_80ad4396e1084c68,0.009949503877558954
ck_0a993bc947bab61f,0.03151876484205446
ck_5c2d43ff841632f9,0.0007478554936725612
ck_6e4b99fb9725d9fa,0.01541512811985622
ck_e0983999ca26c19e,0.028798927715973966
ck_6573c4947cc8607e,0.048916508340856944
ck_d879d645d6e44207,0.0016043540630067464
ck_1375ad9f10688e4a,0.0009898610523652086
ck_7501ebbf4e21f160,0.006275134247821684
ck_ca60d61cd4dc3bea,0.0006807120522826482
ck_ab9ea095a5c58b4b,0.014251190539970995
ck_23756522b58df5d8,0.0004592503970678341
ck_90bc176c43d85fd5,0.1615467524417974
ck_908b663b2dda94ad,0.023444134406884466
ck_4df2fb8e4b649e27,0.006379250525942782
ck_5615c6bbdef05291,0.2140986934829322
ck_b62f3e3185251f71,0.0005723080146347726
ck_38d1a22850178f33,0.001058956657934004
ck_5b3ba20c8bb1383b,0.0031940405310231963
ck_5576ffc6aaf6f22c,7.62788198790656e-05
ck_cf7a022178165e56,0.002748055862413303
ck_f2c7a4c50e2ede96,0.03282736360196837
ck_285719c77eadf915,0.0005107015750693179
ck_f2aa1b677619ab19,0.009638899554867388
ck_3830c58d841e9e69,0.8732289064026739
ck_32eba3510c8eac5e,0.01200512703181951
ck_8955d7b9030d5eb5,0.007088588781820666
ck_6775e387dace7525,0.01543868529349453
ck_0a0cd7f4be606a93,0.0524315964564494
ck_a9f700eee5d638df,0.0033525391264075705
ck_3d7db96995745472,0.021501794985527112
ck_aeed557007d52e9c,0.00012095076208027983
ck_79b6a86830156b5a,0.015037415774566446
ck_6a1ff9d69466181c,0.9996055656561955
ck_f11b1565f986f5e3,0.019771316645380007
ck_4819327a78615485,0.0005324989371474961
ck_3ed9e081959b2f5c,0.015894751647345867
ck_16af4be191c47d3d,0.000561730479116985
ck_25122cc0e8b1a662,0.11737633622945502
ck_509c22828d467ba3,0.01973841483760222
ck_31109c899336348d,0.2336095465789422
ck_c51131e53baa59c7,0.002029525624686689
ck_cf8ecabbc61d3e11,0.0018319769405411325
ck_eb6baff0f85ba936,0.012884973320896628
ck_777669e2243204f2,0.9240592343741968
ck_ac0ea27e692acdc9,0.0060673459012374085
ck_4c6ea04ce8ca9e2c,0.002905886109262503
ck_ca54b32fca7e94cd,0.00437819894597253
ck_4dfd8947f540eb24,0.01490752514543884
ck_95aff1fe27fb24bb,0.022349337862107296
ck_c7550723b90e5615,0.0019885508400065074
ck_57b3fee69bdf85e8,0.0007671012859436291
ck_f823407ace7ff064,0.026993483475969467
ck_a69084a068bcc8aa,0.03639709550858417
ck_c7b17f7b24bef5d7,0.004905312392436567
ck_7c4e588f927c27c8,0.00447746849470073
ck_77fdac602d0c6f95,0.06108744320432707
ck_e963d8525018d072,0.019932588611258382
ck_6e8ebaea8f7bffaf,3.8690379208484204e-05
ck_aa42976a31cb7770,0.0024139872884551615
ck_22c862a496008c96,0.9988693275635634
ck_527550dd15f38782,0.029540544487868522
ck_b3ab3c210e2c7c19,0.03278122834398255
ck_ed9c56fdb9f45ddc,0.12083890966635548
ck_b53281da70defcfa,0.01609151316433489
ck_03009b721568ee98,0.03179206810334895
ck_3d9afd862b3f4053,0.49351260532159774
ck_ad3c4be96599554a,0.002462240473888693
ck_d1c787c27d50af49,0.013818162630352666
ck_c7a9c7b2eef46a99,0.0012684611255376454
ck_53036d3c6c74446c,0.19275529678288592
ck_1b1efbd9c0964c8d,0.04789606852746931
ck_d66f42a269d5c1ed,0.003283789927999071
ck_fefc49a2b8ad993e,0.0047461533745109885
ck_8b3b874249adece9,0.016622361647325203
ck_193d9c87ad3f1dad,0.0011355542472400576
ck_0c6a50d747593b7b,0.0037432447153317415
ck_c830f3830875b47a,0.004769149587058197
ck_79e202f06d8dfe42,0.05217685503604926
ck_5c0fe988b8aa7fcb,0.09793047184179944
ck_a8382d8345f21e1e,0.0007619189955388016
ck_8cb20053914692d0,0.04843031470651526
ck_1da2f69023ca4c13,0.00035157362113542694
ck_38abb60995114f8f,0.026859499713112755
ck_f5791fd8fd8fd191,0.006995937222939975
ck_a4e6fc391b674335,0.9197448566599551
ck_bd771efb4a7e15d0,0.0024379838575383935
ck_38ba4a6b6a292054,0.2788298538419315
ck_f7a07283345a0dce,0.00905182949924936
ck_87dc484baaf5a23a,0.0007524079539870474
ck_c84ef83489badbfd,0.005965996542652188
ck_a397cd64ec5d644b,0.003321781341080776
ck_7977135c2ff61e92,0.0046403265882665815
ck_52174855b243a8b0,0.05649559490404415
ck_0f35e930d0614613,0.9872256393233857
ck_b170a7db522a0d6f,0.00448636975704676
ck_7af748a23775bd54,0.1318570846289003
ck_52f641c9ee6fda70,0.002394402778614514
ck_c3719a30414bbb4d,0.0022276583823760024
ck_2baf214ad6bc0dbf,0.054407585982955975
ck_8b39d8aacfdd72b4,0.0011525898596628044
ck_d39b0152116203be,0.007059936130745466
ck_ed33f8a937f9c7c8,0.009015906303421665
ck_8ef97b55a5fd6ec9,0.0008023741193994019
ck_8247f008a14bd1a2,0.0014561233631113207
ck_f0d349d68249d5db,0.0007042937062265866
ck_a544e766540861fc,0.009429972887759529
ck_9dfaca4c7c80b10d,0.0321476239914256
ck_7e5401c362b2216a,0.000718307886982753
ck_64ff60c073fdb6db,0.014786829907012106
ck_fc5ea49518e5d637,0.001096253981270343
ck_580f136ced341298,0.0010988870226081226
ck_9cbef9bc95449dca,0.002007486982310286
ck_e475a3b8ba870a7e,0.0033014408549442917
ck_97e94708bcf43563,0.0054138431408229035
ck_13f03ec785cbdae1,0.0003676996282022892
ck_152820d8817f478c,0.004645799287350683
ck_d20d4ba60eec9945,0.01555240617765361
ck_5c45968a805132e0,0.015028319481019735
ck_bebea2cf3063fb24,0.006881134880835012
ck_c3c69aefe7ea1d2f,0.008635610613858856
ck_02028b72f26fe855,0.006409154671598065
ck_dfadff70a58a9133,0.00119979891723035
ck_6482ed4491bedcaf,0.0042524332742899735
ck_754cd7b4a5ae3f94,0.009901665142253602
ck_3132857aec8485bc,0.00017865043888741245
ck_7ce4ca91b8f9f1c1,0.004826324344334043
ck_41938582f4351772,0.008614273487740048
ck_f87d66946252476c,0.13624854242114523
ck_8053f1879a9b4e43,0.0014770798082919662
ck_93892e91387f5103,0.0034547125593266757
ck_15254db133b28371,0.018329160181735263
ck_d557b9feb241b3ec,0.0006255838102036155
ck_71c3a8e4c12c989f,0.002816895879748741
ck_80e3041811033443,0.024206288399214734
ck_3380d60067b4634b,0.0020096329038869283
ck_a9c2cdc758df8510,0.04468922169296368
ck_3c0031d7514da17b,0.03176728172633355
ck_18d214b1418be39d,0.011767582288299149
ck_7ce768407fd48321,0.01630131581065591
ck_7a50abd42298133b,0.004756966312698603
ck_2db10f987d137582,0.022897325765657506
ck_e077d004cd1d80ae,0.005074520798490572
ck_1cb6dc67f9a321b5,0.002459735838720473
ck_b864f64101149c35,0.3257371525616754
ck_9bedf54df9418e4a,0.02089305469750587
ck_c47e32c47f0e6578,0.22667246136935862
ck_71f382d5e338daa3,0.0033293611262424166
ck_14b4bf7be6ac2b61,0.05510424151340664
ck_5c87eea1cc07cc92,0.0882422503223564
ck_5f445182829ef342,0.06634107741091082
ck_a5d7311291caaa54,0.001537980284050787
ck_b7df99aecef385e6,0.026428804266052486
ck_3327a0582407068b,0.029215205987845938
ck_08dba09fd7dab896,0.0029387427927744926
ck_f4ec334be5266378,0.003454484572969226
ck_240f7f894c5a86e7,0.0031380244402322913
ck_a9d994554fc14a02,0.00030566856717269573
ck_13648cbd306eee6d,0.006425066246024185
ck_601edf9105b3c321,0.9977057147234011
ck_9527adac182abe57,0.3090499230765063
ck_4e0e80f5cc271bf7,0.002181816598841354
ck_96a89e720176b389,0.10840564714552066
ck_63560eec94b76d2f,0.015177104964655344
ck_c9c99e5b19aeced8,0.00043790582153169596
ck_bc32655ee5ed643e,0.009153677123135409
ck_edccb5a93b741744,0.0037873561591547657
ck_f786cbc987b70930,0.0008795392302672083
ck_0e8f26536ccc8947,0.025541978228333456
ck_b87ef4b98cfcec4c,0.012937741595754462
ck_1a9235812de4b2c1,0.0032105878829756644
ck_d1ed88ea4211ba4d,0.003154396557003855
ck_a4ddac49657a4450,0.01032241399649148
ck_d9ffca35188e49d8,0.022600328598119706
ck_3db73bbe03c3d240,0.0006249698262069419
ck_fffa0622344a36ab,0.0010104171604747136
ck_148c28df51bba5e9,0.9981176092258343
ck_076cbc25c8f15fc3,0.9930377649440688
ck_e5ca550b39ed45bf,0.307682088268802
ck_8dacf3a2061ca17d,0.004458663909440978
ck_2d7394afd61643d0,0.0023951838269653286
ck_e42206e91f6a1752,0.0001765799592269773
ck_2f4f94827984c426,0.0008769291464481213
ck_edfe8e90e8f4366e,0.0022203403669645294
ck_646b15f753e5e9c6,0.027009155652124625
ck_66600620149c8799,0.0031746743211784403
ck_4ff6fc70bccfba96,0.613309865272261
ck_41af3729590c2484,0.006530558131516078
ck_920a48ba8c583e96,0.0011975331705281487
ck_0253b3e7be021306,0.000525869976805686
ck_2ae6949246ea2648,0.003236872122278777
ck_db23a5100f338d72,0.0038227783882439225
ck_fcb2a559474c3493,0.00827171628639951
ck_0a4d7acd2a53cbbd,0.007890309562552668
ck_c5d62b2b7a6f3bac,0.9953850234282369
ck_cf59f4fc0ea690b2,0.004098052030396765
ck_837be8126bb19250,0.0006828379722784121
ck_58955542edee1adc,0.0016557884751391477
ck_1b93381d8eea58d1,0.009977599502131326
ck_97b8e05d62abdc14,0.004683086554705128
ck_71a0d645744302a3,0.0045452798873543065
ck_a7b57882ab66b111,0.002339707095810856
ck_65f76421be648549,0.00831120186686235
ck_b53ea8713d32ca7c,0.004353512641079342
ck_991c4c924a1d85ff,0.723247798248277
ck_8432ccec1a4ec7fd,0.9985331034143266
ck_64c1633297f43788,0.002463447769695691
ck_4291fd9c1161d8e1,0.0255626349230381
ck_5e98ed6391d9f429,0.022439034450686384
ck_c7baebe4549fdbb4,0.04677545859548526
ck_6e67225ba59fa5ae,0.03429695237394699
ck_719602def4d35fe0,0.004473126337149916
ck_bdee7c86f5ebe81f,0.030388864585435025
ck_8de38f8c7f91961f,0.09078016442110474
ck_b0b5bf9254700402,0.002659161419720239
ck_7b55d9bb1a250d4f,0.030472709674680038
ck_3954b7b0fd1d6614,0.0010456523231456873
ck_f29471fe7c818d6a,0.007766621655990902
ck_9e65a8a2f587691a,0.010093119089667753
ck_eaec5f1a83b66eb0,0.03191838222534612
ck_004fe0daecbe2c1a,0.013044397254365079
ck_d17653a4a2d4a79e,0.006869410618680586
ck_0dd417fcbf19e424,0.022706113346501005
ck_4c99a6eadea143e2,0.020612011839551636
ck_74d602c907ee9119,0.00046066196641637657
ck_1aa87cb62acc0ac6,0.005861077243145865
ck_094974d75e29fb2f,0.01526807399482323
ck_5ef935ac3d4d3332,0.022819529300323244
ck_b26e4ae47c9107ed,0.09251884322326857
ck_396cea6f95186ad2,0.024491620213739237
ck_48446a9e8184c7d4,0.0012900993255708186
ck_31e1ede23247d56b,0.02286643407830378
ck_7afefa349b960a3e,0.011154973344083692
ck_f5e02a3432571b20,0.040538154982744774
ck_64eefec062592c43,0.0034844574909276183
ck_a1201284122c141f,0.007326592804193267
ck_1b34c420a4c85a95,0.004233796683347404
ck_d637a011332ba67a,0.002939586585808437
ck_99c0004d8b7079f8,0.003621946601314235
ck_948517bad569b40f,0.10241382072450311
ck_a28d6b1601b472a6,0.03098631089197682
ck_a0b4209feb31f5c0,0.9987706607710898
ck_d6d2c1f6dfc455b6,0.30752626090177765
ck_3f9e6d356d3dd3cf,0.0013505494222023828
ck_d08e00c842b75176,0.005394955682943208
ck_bfdd232a7c5f2660,0.03709229356317672
ck_2cdad03ed069438c,0.01888205879615134
ck_42317c3eabd0a285,0.8811944058231065
ck_3eb73e56751c704d,0.014331305802613508
ck_ef33c04f4c9e3758,0.005473089394553251
ck_1dc23dc870f1773d,0.007913075380043174
ck_76091f357974a152,0.008878327539113575
ck_4d9eb75e8eee90fd,0.02714073124423479
ck_578f67e69e5d2cfd,0.0006229878940177233
ck_3a8ce1cc724229b8,0.0009740878631753349
ck_a96887f841e80fc1,0.01964520209295311
ck_d2d4a8f4a9f2c33f,0.0030382825200894474
ck_11f85bc705dbe036,0.01871956483078133
ck_7429b3f87528e335,0.0054257606264231555
ck_26df74feac7ec51d,0.0034782962062408114
ck_c78b2638fadd91ab,0.013194252208551327
ck_7eaad325abe3b50c,0.0009016499478509592
ck_fd44e34af620e606,0.023135617752936863
ck_f99738dff854e25f,0.0005925199527966318
ck_1ffbce3a239bb264,0.003427489429165974
ck_96c7d52ba0a766ef,0.05583883194360584
ck_cb1c00c300af3f9e,0.03073725883751363
ck_ec3d12848ced99f2,0.042906594740046655
ck_26cfd7c3c6c7bf69,0.00382354103188003
ck_7ae86b5a885affc3,0.009654701473114041
ck_3edaa94d28cd48ea,0.0027235239434683666
ck_3209c530c9812e39,0.00244942491250059
ck_ea62ebfc1f04b49a,0.0017842694820906777
ck_5fc90b4668ea81bf,0.005107136183190977
ck_95654593cdebd141,0.0011541653821123996
ck_958c0bd61820147f,0.028839713286964715
ck_8440ef1386c07194,0.004513155212090097
ck_8cd1b68dd74b1375,0.1688705387133217
ck_c9eb4df91ff07f2c,0.00966055626766594
ck_c29489366c01fe65,0.9857988159560681
ck_c965fd6bec0f0ecd,0.01527585813398622
ck_84c402b23766e1f2,0.013997417311700086
ck_181f3dae03b87136,0.03749399840230746
ck_022a8ae79eb28cf6,0.8703490464916538
ck_469c17407d17b706,0.02875797957973389
ck_1fcc5843f39148a9,0.0022770704852746533
ck_5debd55f361b2ddf,0.003180825001907518
ck_28cb9b03e89263f1,0.00030025900613747967
ck_f067470743d3c7a2,0.07386667759707403
ck_d5d225ce41a1a762,0.0034314277885792027
ck_15b4840922195ffd,0.004486928463992254
ck_6bcfa37c717f19f1,0.004048051290214217
ck_8d501a0386c66be8,0.14240684482595053
ck_1a9d6190c57ea7e2,0.44128827884307525
ck_c49832eabdac5bb7,0.0005659064321341403
ck_b4331140b2e0d4aa,0.01213828942095623
ck_5efbea1befdefe1b,0.08123968879089849
ck_72ff52c4824072ce,0.008754991977391265
ck_ec3715add8bbb6e9,0.0020889513948491585
ck_9822f8ed05335741,0.012497322751581615
ck_c3d7d3d12a1981a3,0.002563516364104403
ck_a115a7919ac5875a,0.025114287173919402
ck_4dd4ed23e0b927b7,0.26405210097809917
ck_4c76efcc1ee6762d,0.03126039174872664
ck_3ad6e7bf452c9b21,0.005954508265286797
ck_dcbab304b55a42c7,0.00538091265870317
ck_24b53090faf722cf,0.004831188698427281
ck_187317383400491d,0.0018433829028823123
ck_e07fd57565c94c28,0.034193875960024885
ck_740e760fdcd27835,0.0007365413563731838
ck_d3796aebda1cfed5,0.896536640581523
ck_e541967c681cb929,0.02822684104027448
ck_431118050b834dcb,0.0002290235736771154
ck_90f3655f0c8a0074,0.0008164344746452827
ck_13cd943777651aac,0.017781228579696832
ck_66accecabf3901c0,0.005828442561853363
ck_937f0da2306b2eb9,0.0012324635457914592
ck_105b0c93573fd5b7,0.9766734616636823
ck_00480407160e0743,0.003138616378559047
ck_e032068be7b77d15,0.00720959191709969
ck_991b7dfd69098320,0.00041587942630321676
ck_37d47cf0f34574a2,0.001205134757790535
ck_011551a596544f5d,0.003167206386031801
ck_9acd98f4fe2d474e,0.0799653194336987
ck_7c88d3d377bb61bb,0.016015683859276517
ck_e2374c7136c964fd,0.023674756070155224
ck_2fa8f2577116e9ca,0.015834758689759875
ck_d07c5b0321c685ea,0.10476049655727053
ck_bc736114a31088a7,0.0035630491806312677
ck_32bb42f9bff197f8,0.011182440163084532
ck_66267bbad1f1415f,0.9982033629710619
ck_19988702ccd79201,0.008477095436912033
ck_f473a03fbcdbc4b0,0.0012962171134229521
ck_e3f1d85fa5d49396,0.005017934625160925
ck_c4402ea6291df271,0.019285122461902632
ck_243bd5ca8c4ae5d0,0.0048816086760550765
ck_f271e855925e8d6b,0.13647023164783065
ck_e424148c6f2223df,0.0006058153865354236
ck_e4d0a9e1102a58b5,0.0021796059321134314
ck_91c2a5fe69b9b1d1,0.010319783147273087
ck_5fd8924732fe403e,0.2558453680988289
ck_9a881d5433126ada,0.005600481058977885
ck_73cab88b29c7845d,0.01992501439601709
ck_5b5dea6476d4e182,0.014857212457271113
ck_ccccb17d2ca6ce94,0.05344965856096915
ck_cd1dc68e441222b1,0.9439260108753484
ck_8312c49b1431a406,0.009660208218093068
ck_25fea39897f2a559,0.0025010579344025437
ck_f56200205280bddf,0.02586341909237933
ck_7336611650dcc088,0.0009993974283306684
ck_590716322ff147ae,0.022350284317455005
ck_c82364d87875a1a1,0.005308557805130496
ck_fa4b60387d744fc5,0.0005046417087779063
ck_d841eba8906e9a15,0.001890999513252099
ck_d6df562a79b9d0d9,0.011680791947870778
ck_59a14d2564193101,0.0011639693716281637
ck_8530158e3d7f59e7,0.0029312330333213974
ck_ac68d707006c12a8,0.006498754974252889
ck_976fac1bb3dd8c58,0.013623774233042908
ck_f854fba8f4adae3d,0.06648185029721056
ck_b98e9c3ec6e7d1e7,0.0012462713100242584
ck_803c0b4cf9d4bc1d,0.0071697811418117395
ck_76997a33c3ea5107,0.0003531345615349135
ck_f1a9d832b700bda1,0.9942215331593937
ck_2bd96ddb8c323d63,0.9963777968509883
ck_9e5b7acf51b1b743,0.010451643073313394
ck_09169f22194fd6aa,0.00537817677151316
ck_6d69e092f9b0848b,0.026283766768759247
ck_9f83fa5a2d3b9049,0.01508654445492348
ck_57bbb19eecb4b87c,0.00029750110803554794
ck_e0e9cfabb979f428,0.0015685836284823208
ck_b1ff9edc51d42f97,0.0009538997893293516
ck_4682fad271d47eb0,0.9351046035053324
ck_ab33fb754c818ae3,0.03379734378760691
ck_b456f62b80e21557,0.00018328463419277133
ck_16340be3f2a7fffd,0.0013824431320984853
ck_ce66831f6611014c,0.00702361795155886
ck_4610a073bb54d1b1,0.01187430100243582
ck_fd038a7d33a9d6e5,0.002862248649853783
ck_c8198cb4c461304f,0.007848604774487728
ck_1e7de58822000dea,0.0014366318501933663
ck_b2a79dd3df560f14,0.012201883327436281
ck_74a06f347b32347f,0.005543135113768655
ck_c6fdb2972417c9bd,0.012300916224887942
ck_d7607a213b800bfb,0.028869308748381922
ck_df65967b8b40319c,0.00014554603940753047
ck_329a73dbd585ee09,0.006265070092877253
ck_74991a9e85c3b07d,0.005652719290266677
ck_bb76609b79e0bc9f,0.010968645052935952
ck_f7fc1bd0b9ab1fa4,0.026867772497750592
ck_d111c98b36bdb791,0.0010437481810764565
ck_f07e27d125497b66,0.01219902722506143
ck_093e3a7134e11d6b,0.0023233739488883226
ck_862c7953bdea48b0,0.005287949957634461
ck_392cf2cdd515c34d,0.005105071591333953
ck_80eb91b0b4001084,0.0475966200622241
ck_5923f53b77193a58,0.17216870084740807
ck_8049f5fce32be185,0.7447361631011208
ck_ebc5a2c6cf88e252,0.009435901587623472
ck_9ea5872f14cce338,0.0061749999332328
ck_f7fbc95ebf584379,0.0050745152487509096
ck_bafe82c870356706,0.9975295138131811
ck_278b36c5932d9bff,0.0005194989835656045
ck_6a892dd5d05c1649,0.005043056353767693
ck_0734fd90b2cabd43,0.004008016892980218
ck_9b552204498b6762,0.033405000947754816
ck_f6c909c205767956,0.01997345095700487
ck_32f590e87bc3d715,6.0225578222101324e-05
ck_66a8325f28be7562,0.00026179862520747796
ck_b129261da9c3c3c9,0.00687456055460886
ck_a524071c51ddde20,0.008826287455286443
ck_ba576d6d4cb6130b,0.02247362690555427
ck_8d8226520722af78,0.023241405110267104
ck_c5b0f0d4f1655a20,0.006589973864891259
ck_61814ae9b6d8eab1,0.001628237577912938
ck_382ebf136f7fa337,0.12464293569033695
ck_423ff4ede6a9f066,0.013125979794057505
ck_546ad962d04b7de4,0.9884546164246385
ck_9473ea4a01c95f9a,0.0334083074735736
ck_9eb1da8cd35a50ce,0.005363070724522598
ck_de5eaa2cdbcb67ff,0.043993566157002006
ck_537cc97d0398c922,0.18726847164214966
ck_998475a2e4dfad4e,0.003389028349324443
ck_e62eb708d2688fae,0.03834312184194389
ck_ea623358f704daa7,0.08997665608229873
ck_b911a09f328dfd4b,0.0011238762148967087
ck_4b3506b624e5193c,0.01402256969668226
ck_448456f96788713b,0.024530293763821886
ck_5d5ef9e75f65d076,0.02232193552342424
ck_3b74512f774a6e5a,0.008303992682534263
ck_a032e8ac1507c6df,0.5640256576087659
ck_7e2d6b22a0ae20c2,0.02311980233025193
ck_d80283209c963f11,0.002222229213245877
ck_d1157eade2ac3975,0.00184550180632584
ck_be48f583f79427f7,0.0255515191832333
ck_0027b5d4107d65d8,0.015171547264373114
ck_94fff69584dd3b2a,0.01334770615180355
ck_75fcda73f0b43557,0.004035438498520668
ck_a1c78972e4ee4082,0.011128704512575624
ck_f0982bbdbd122f91,0.014903801529121396
ck_3199b471575aeb3a,0.0030474216876853963
ck_7fa947a0b1c1cf74,0.011623634193574801
ck_a60c618b7f0e4252,0.0011524071029433314
ck_722ac47c8ac9b6c3,0.2421492437111902
ck_d44dc3839a195c8a,0.04630593200767919
ck_a2c3e82fab520483,0.010855769801088802
ck_6f8ae0319c07cafe,0.0005051441018553296
ck_49886ff1e2c759d6,0.02502350072220379
ck_150a1108f936e6b0,0.0020572622383179845
ck_e21f9f96f597695b,0.0028774177901877466
ck_7297bff2b7fdcbc8,0.00014847280249164984
ck_ee949c71f4f702eb,0.9941579420940131
ck_6fc37dea4b4f35c6,0.10851260817426278
ck_e76257caa98dc25d,0.9962458391517076
ck_828eef2334e17b3a,0.015678311418455885
ck_604e1b8a8c693aa7,0.003279523527988618
ck_7743c9fe037d1f9e,0.016064214865142003
ck_864a11202e19e812,0.169715406232211
ck_4ec040b9e3785e4a,0.0015998068163308083
ck_7346e4f820d9c00a,0.7174620077236981
ck_48d4d63beb26b623,0.005665664173839713
ck_c423aa6de3ed1e01,0.002233195203990625
ck_d74b2ead8aaa3f73,0.017977284339549576
ck_1dd69a11daa7bf1a,0.010898068030795545
ck_d9143e236eef177f,0.01527064507763047
ck_f790d91e5ff0eccd,0.2205886471626445
ck_69b5620e00ef5dec,0.0013951026198729922
ck_cd32e58e8a1c0e85,0.014766619485444013
ck_064013b0957d87a5,0.996197773943427
ck_a481385c2e60dc4a,0.0017757400391737474
ck_d72035cb29db3aa4,0.02031316069476161
ck_3759939a0205306d,0.004037350555975874
ck_f437a53fc832ec95,0.8266490695850054
ck_260ef2f3e6434819,0.05518270846903626
ck_35e411b05d22f663,0.005392464553608148
ck_8bf46e472f3e20de,0.05292589463973718
ck_d546994fc5d3e9d1,0.005468268293067159
ck_6ff0fc7487e737e7,0.1931440293934528
ck_5c67f27816ae0b6f,0.01772527914360619
ck_c5517923458106ae,0.0050057844203714045
ck_d9735647a6b0b0a7,0.7805434398779467
ck_541a734fc457246f,0.029090385176235134
ck_2f6a639468f41043,0.0020386527030212143
ck_bea2cf7a6b7bb900,0.005702368353455549
ck_7eebd0e6ad6c070e,0.0037896153769533016
ck_b64c87d5e3b10e6a,0.6008996126958127
ck_9dd7daacb7833233,0.005313499979944704
ck_396e9ea9a6c6d7d9,0.028309438235399123
ck_1645e6cc53fa99ff,0.013618622139552524
ck_ea2a83ccb8d57490,0.0009457727106012229
ck_e64f0df63e1be595,0.01276502652731655
ck_fa0b234481cb57d3,0.014387149917665676
ck_63379e3c9fe6f711,0.005744716872129789
ck_c67f7944896a0310,0.09395058112652448
ck_c10e54c9db29e6ef,0.9990707195644187
ck_7184ad7709ae4c80,0.018991848351367014
ck_f8b6069d7577fde6,0.0020080905565285005
ck_18444be153bac1ca,0.9496547158900391
ck_d0982b4e0e118e4d,0.0032727981908195988
ck_6faf3e6820398866,0.005179622974836414
ck_97e980463aca4644,0.004611427096409074
ck_630c835243c66b19,0.9946504728608939
ck_fe429ba3e1aa0e4f,0.007572887688131101
ck_1058129ed7b48c59,0.008161944956945142
ck_04a1a46f07885296,0.003878213993079633
ck_f01e94331067edf6,0.005741061250180253
ck_77b2fb17c29f5e72,0.007896559996444343
ck_4f0c5857da45fb28,0.08860588556480663
ck_2cfb9a7775e8a5bc,0.9631602081563951
ck_6846100e43659bf3,0.001329866168195301
ck_f89719a854fe11d7,0.06153374550186189
ck_bf47375e41ca3bc0,0.004302589437044288
ck_2770b0400a7bef08,0.03537874641700759
ck_2a09d142de1c77ff,0.013925759961453362
ck_857a1f5547b9ad68,0.005826830974708311
ck_185f15b1523bbcf4,0.0018674097753761873
ck_ab2aed614ec1cdf8,0.04391903570774456
ck_a9e7f3b2d5dfd97b,0.0046707924007104926
ck_0eeb3d9b3e697edb,0.023701578679253817
ck_fa5830d81bc8ddc1,0.0010389657925324884
ck_231ae0329ebc3220,0.0029899226480562028
ck_1587763dd54688c9,0.0018337523465354018
ck_9f85fea4490c00cf,0.009136762240272716
ck_a2d709e7eb91e4af,0.04610489004869325
ck_43637d28c7216453,0.0004783954823622662
ck_f3ab5dd853d38252,0.025346903998247627
ck_4a1f0172d3bf4fd3,0.007422332884603725
ck_517620ca16505af0,0.0009029694548399039
ck_9ae904fbef56065c,0.0015334733790784583
ck_d5ef1f6e34bb35b8,0.07094867533763989
ck_ff42557857ae3aeb,0.0011713487522008912
ck_ad9a18f58589faa7,0.004349597660672322
ck_df1a6edaa3e6b271,0.0035727188555773285
ck_99021fe7225b5a68,0.03604019114696302
ck_99e52c3c2530b69e,0.9962498967050646
ck_3a4811dc4a1a891d,0.004289789559211536
ck_ba3a6be026c87079,0.0032656355016543403
ck_da6d1e5cf6aba6fd,0.003938634377844141
ck_ddc7c1f3d45fe6e6,0.010167043054221349
ck_e1b1e7a7e4a15b3e,0.0029470279827508226
ck_8288f7f226e08b89,0.006114062431712942
ck_c4524993ec31dbe5,0.0007876479637236268
ck_8b19bb5b23b6741c,0.03250644176181781
ck_d21b38231a8a9f4a,0.07779940065908104
ck_3f730318a9792292,0.01218695705617541
ck_a4db6e94a8f77f9d,0.05939036547094223
ck_a8cac8d480306839,0.00040192384406116086
ck_5472214011fbc2a7,0.0013679615803179402
ck_7356f47dbbbe7904,0.004109264926853567
ck_16801e628e883d78,0.007002827865793295
ck_0dc1e536231c4860,0.012011129143005188
ck_7cd0634a6e60af83,0.0038259228711767547
ck_ef6f8e048ae1bd4b,0.005521105118358914
ck_82f3f744209888ac,0.019948513258308098
ck_f33188c232a03526,0.20611831740953393
ck_4a59f4e10bf45d7f,0.0005890998986004349
ck_d96c893721385e4e,0.0006215251675673372
ck_f65ab819373edb37,0.01003388939035365
ck_21cac21fc10b7768,0.003724334667419723
ck_139b54e6ccbdd7da,0.03631645382775165
ck_d6f5c8741697abb3,0.004211156264095683
ck_a28d9bb5590d458f,0.03497128639377656
ck_ed26d906883bea0a,0.0049105033977337315
ck_227602ad072b838b,0.0008030432343263634
ck_39d5f6c17c745ab1,0.0008771805484274245
ck_744eade757ba69b5,0.010355686806445484
ck_c1295d97cdf35ec2,0.003535746871212281
ck_69105f881da3c821,0.0013234084272039752
ck_933789b55361d7c1,0.9680801234603819
ck_b667952253503174,0.0030074186956790742
ck_7bf668e25abeeb05,0.005215033475790574
ck_91742711dfdffd56,0.020081516019365444
ck_af32a0660090dd68,0.008376917091023716
ck_2122f201e65f76ee,0.007330417743270155
ck_f48acb73a5d6af07,0.01110562259556957
ck_337c5684510cf432,0.0684533170156001
ck_f7bde7265053364d,0.004501667371479389
ck_c190c7b924edba75,0.01743741724481491
ck_044fa3b3a003f0b5,0.009543406052853604
ck_87eb43e3b9d96169,0.07356891500899515
ck_2d3d6c9364362017,0.0005224909866072437
ck_ac55dc6cbcdf8228,0.006252621019298667
ck_61d7b0568ec5d6cf,0.03294585707923242
ck_89c74feeaffa7d09,0.0009149853277030355
ck_93776b0c113f41f0,0.0384742286616005
ck_15e0b679931f7a8d,0.0020073090283165337
ck_77b56c49cfdb1d81,0.1123415040740205
ck_73188a826b5f499f,0.0018334732217649013
ck_4f463ef25325ddfa,0.5745468513073857
ck_863db2e394dc47d1,0.9977222252524053
ck_d52432ed597f3cc9,0.0016117726128014812
ck_04fb61e5739642f8,0.1229778934322349
ck_2e481d75d110c06d,0.031026650630142826
ck_3fa1a523d77cd619,0.0072005781129277704
ck_466dc6274fecd708,0.002304578539363876
ck_e1790b3aa2241b10,0.8881341571646315
ck_84ad096a46e1a960,0.018123592001856873
ck_3be72c9c178fa00d,0.01833047630838736
ck_5a17c89219d1d9fe,0.021895252585699604
ck_4f639f4ee6ce8d9e,0.06521339416679546
ck_f4ec4a935e51b4db,0.033989812546857116
ck_f04040a830f92bac,0.017806290988925243
ck_3e4d02a04be2aaf8,0.014761111496139906
ck_4d1baef193cfb900,0.014121239388016793
ck_0fb3153d37626b75,0.0006049706486195046
ck_88ec57a11b11f702,0.9642853841182082
ck_dca9dc465f759db4,0.002629220905649081
ck_64f5fba6af67e024,0.00697423584253615
ck_896096cb167254ef,0.024998354320860967
ck_7878679065876b98,0.022026382533021513
ck_fe8e5a6c880ceb4e,0.004629440027772176
ck_a5e036327d3d1862,0.00021919219155069867
ck_310f73940fc4cf4f,0.02746379402944597
ck_46a8db16ad00b749,0.02878961776358395
ck_0d33977c3de8cfaf,0.9994679460399108
ck_c6fff412f531db0f,0.00016592174953418076
ck_bac6dadf428eaea9,0.005256898099393777
ck_1b96d9af0d7da2d5,0.004367782073794626
ck_fa8a4a9e77799fcc,0.002043572435465235
ck_0bf48607a874b4d1,0.0006387225107954134
ck_eeb75f8a6439f65e,0.014039600003885697
ck_a209a5f7d172125e,0.0029248081444404224
ck_8f346b72fb40bf14,0.002402844209111441
ck_bccbf9fef367f00f,0.010336488200578814
ck_2d1548f1ee405cc9,0.007034984883864101
ck_e8298ff2dc1e9d50,0.004055228081125044
ck_77c0fb524edb4a94,0.002663496770772682
ck_28ac4c5134cb8e77,0.023974308774535477
ck_db23a0e3e54be60c,0.33565468133143245
ck_a059d00cee5cee99,0.0009593713936684823
ck_3e9e3bba8bd363af,0.0014049564932420925
ck_0428728df24cdab4,0.0013738019792495484
ck_88cd35378075c84f,0.0012533273049342966
ck_0174d76398d9dc0f,0.01681146334221126
ck_3f1287e6c27de0dc,0.014662083709222779
ck_ff822700f3605e06,0.9995619070930996
ck_4563227b2038ae07,0.14383335521584154
ck_788e78065526ee19,0.01897361100148892
ck_8a16eb584093b12f,0.000515712244054834
ck_cc276f71ab6c08fd,0.04412638757184741
ck_d61d97b21002f3e9,0.028015593941343758
ck_4b2e87d86a5e415c,0.0331797021465411
ck_3e6f35e4500d2f2a,0.0007247503555635333
ck_3acdb083e0d8ad61,0.0010136492021337571
ck_cd655202db489010,0.0004780138453132396
ck_829cbf5ccda481ae,0.0026844138654471216
ck_f5882e6f98b8b4cd,0.0007388556933272373
ck_767947540b234add,0.00538943224927758
ck_a6e8e8f535b1f1d1,0.032933920135628895
ck_58412a2674fea506,0.023357223502389817
ck_fae7e518a585fa61,0.02912287318873362
ck_9c60ae6958d68dbd,0.23232351174846977
ck_328696b8f5e54ec6,0.07497835261874995
ck_7df3f8f4f1068d62,0.0018403543820137921
ck_cfadd21458230ef7,0.0012474070735835107
ck_7048bedd554c703b,0.0006965389960032391
ck_50422466f145bfd7,0.00036739781491985723
ck_61e1f7168cd9ff25,0.07182370246413446
ck_733aff0f56f5b3c9,0.08908917480064367
ck_e14892e424180549,0.0001890405771362906
ck_03f6664a96de7d0f,0.0077259850211513536
ck_b7f4baa2cc82fe61,0.004252225543819492
ck_1e51199a075ca0fa,0.0008935060008328429
ck_0e70516fa07cfb17,0.8803194973923145
ck_0f37c554a5057801,0.9080769486142413
ck_5576b725de38d106,0.0029445219191440116
ck_82f360df1e9f4eb8,0.042339988592460354
ck_395f3bd4aacd7ca6,0.020005578490749007
ck_5e8e857b63966609,0.3600177801229028
ck_93470896f0804b6b,0.9520860464028768
ck_3be854e42e76569a,0.0020677379078962352
ck_0567302c57a2417e,0.02958047636691698
ck_ee535461b5f05539,0.10213885412020356
ck_94a096c36162a153,0.0032096819993979735
ck_dfc8f5c141fd7c63,0.010784737092149868
ck_98b34f2d704c1c2a,0.007028665704111603
ck_96dff7a09d45f116,0.03126123643397258
ck_79557434c129ba52,0.004741549794874588
ck_4596624a7c01d501,0.012410256041358097
ck_04e89fbd739243fa,0.0027701632249387503
ck_6149ffaf18872dc8,0.0005384631089765565
ck_cd78f0832a09bd8f,0.6274062869284501
ck_7e29c10d781c3b41,0.002213480686069668
ck_1f7ee7b23fc6f2f4,0.001862136903654892
ck_c49b685d2b3ab89a,0.0034190961083621165
ck_84569a8fc50e73ac,0.010213215905919754
ck_b92b11d205af91eb,0.00025815157444825776
ck_06280e6d6d2485b0,0.0059905279276603746
ck_3c08546dd0c92863,0.012285058027188022
ck_99d3983f907828bf,0.0017210716109930617
ck_eccfd552aa652d3c,0.014199947673184174
ck_0cff8153881875ba,0.011771938019137285
ck_c1aebbeca6ab5ff9,0.0023208184861218235
ck_538fdbbb3c2bcbbb,0.017562073625326108
ck_8c0210322733c718,0.003723900863330984
ck_0b0c93039f987abc,0.00426725507417944
ck_6d07d6d1bd227d37,0.04276473374456997
ck_9b6ee35e8cd0b11c,0.002549351393180988
ck_d838491d3d4f5ecf,0.005827551843171799
ck_0593ae243a9ebee9,0.007590496123651681
ck_ef261fc09be8eb0b,0.0024725681361999004
ck_d0935b571a4a3868,0.008641848832925457
ck_97d04a67a104af39,0.09218268914210963
ck_e25f70d0b7229420,0.009587680742842065
ck_9b71274ff83de482,0.998087000991417
ck_6de2aa2bb60978d3,0.01653520700305393
ck_eda55c8fb47593d7,0.004795292572713627
ck_924e572517515f19,0.3480321316787016
ck_d6f27eacbad310f4,0.0043187892488609995
ck_8550f229b5eb03ab,0.0013262918640517191
ck_e3e95546a84d0ed8,0.017115356037102923
ck_3135c019696ee6af,0.9834941074801776
ck_41ba315d8fccb559,0.0076117458752488374
ck_72b86e4485da2d0f,0.9908472873480143
ck_daaa995f3c2f0e47,0.02241566977429529
ck_053746067839696b,0.02445940619156686
ck_a15fe7d0f4b65c33,0.8239252267599487
ck_15de11438732bb05,0.005174191923886914
ck_2c4d25acbe3fabd9,0.0015356071282350333
ck_7f08078908599bd2,0.029641913687246554
ck_e794741742fb2619,0.004874974699289916
ck_238e53b6dee8c301,0.004498103569728612
ck_53a6a33060d5c8b8,0.010806924026455467
ck_0e0919292ad33472,0.7696370621813293
ck_d86ccf148c06c8c8,0.030123144727511864
ck_c881f26c9bf9ae42,0.406400669739914
ck_4b0947bf94e9d847,0.04484176379124157
ck_e10ff5c38bd18470,0.011885751023088522
ck_b60de9e97aad9e45,0.7707558065548156
ck_190bc849e5ff5401,0.015116036661634698
ck_e7be077aa0b2632c,0.003029072758400152
ck_a51abde881ebeff3,0.006346130833320391
ck_2208392a9f6bd249,0.01011359597127765
ck_0259da8f109017e9,0.002330803582845996
ck_05e01ab9c95449da,0.0071813072888092765
ck_c82897ebffb6ae66,0.0034590809056483595
ck_b4a6bb4689cd7cfa,0.014311674413612314
ck_9e21ea33018ce538,0.011255711605913222
ck_caa348f0e65db062,0.9971386030727288
ck_a964e6b5d8415334,0.15081878750190958
ck_510bfbbee37ff436,0.007318812237798959
ck_9741a82faf5c7889,0.018299099764236635
ck_e7f61b4a39ba98ac,0.00023879623444916526
ck_069d158665a53909,0.010871129049922873
ck_6426427efe3228af,0.017015253357756804
ck_ab4a8d02ec3c0fd7,0.0009705208779252532
ck_aefa0d8d933e0eca,0.01186650044403558
ck_232325ef6bce92f1,0.005148751170148007
ck_14e58c3fb26a2b4d,0.02106095460509828
ck_06e73afdec26aecc,0.0800469654795946
ck_3168f4f2778d64e1,0.00873195121897509
ck_ff3998d6858daa21,0.0010645695338213806
ck_bccff46fb0868454,0.11118175026920607
ck_c7d444d90fa86d7c,0.20322896358082923
ck_f0bc3bdee6bfbb94,0.021314009556244486
ck_f7112818a6d81422,0.04852125434080077
ck_aca35dbcb835ad02,0.008787011926693457
ck_f637fabf0f60528f,0.006151224545764979
ck_53d17ab97de1ac3e,0.00275832349580833
ck_c8c1bf16d9113493,0.050823615804061646
ck_e842fb0cf055a83b,0.02050801233277981
ck_93c0cb3dac4891fe,0.006233659373456618
ck_0c1f088e17e46daf,0.021592095391841953
ck_8f4b384955bf57c9,0.0029519024240366016
ck_09cd5c4df1e81ac2,0.03478343268489967
ck_1e832a5b2342554f,0.03099058426480301
ck_2cb763a881aee27f,0.0006331081520926804
ck_5875828b11406398,0.007486542782662702
ck_48e84b0cb0b90fa7,0.018558532753267642
ck_833688de8629c5c0,0.001324025097121915
ck_117d78ccd5820f36,0.014300959759190227
ck_668ec61c4c39cae3,0.0007449188609560875
ck_73a7794b659d7a34,0.0026379385073388557
ck_10f90d879209734f,0.004828854017598133
ck_d1d079913aa158bf,0.0016150905339441175
ck_01c631b38e8a9535,0.0016377508259287487
ck_f6923088c17a04e2,0.07464584315525599
ck_b447badc9138987d,0.0002504680613510374
ck_8b772caed8f1541c,0.004545755866727178
ck_5403c76fe68a08ba,0.6077810518979978
ck_3e6833574edf1736,0.022532468698326147
ck_e527fbb9450a4581,0.8576410640535763
ck_cc90e219f1ebf390,0.0010022056445431688
